suite	target	expected_status
combined-replay	normal_confirmed_single_accept	verified
combined-replay	normal_confirmed_batch_complete	verified
combined-replay	confirmed_receiver_accept_has_sender	verified
combined-replay	confirmed_message_unique_send	verified
combined-replay	one_confirmed_send_two_accepts_exists	falsified
combined-replay	confirmed_message_accepted_at_most_once	verified
combined-replay	injective_confirmed_receiver_accept	verified
combined-replay	slot_indices_distinct	verified
combined-replay	process_requires_slot_added	verified
combined-replay	process_requires_seal	verified
combined-replay	complete_requires_all_slots_processed	verified
combined-replay	no_add_after_seal	verified
combined-replay	no_accept_after_close	verified
combined-replay	batch_complete_consumes_state	verified
combined-replay	batch_fail_consumes_state	verified
combined-replay	batch_end_token_single_use	verified
combined-replay	receiver_state_single_batch	verified
combined-replay	receiver_state_single_batch_end	verified
combined-replay	duplicate_batch_fail_exists	verified
combined-replay	duplicate_detected_before_any_accept	verified
combined-replay	duplicate_batch_has_no_accept	verified
combined-replay	process_requires_dedup_pass	verified
combined-replay	dedup_pass_messages_distinct	verified
combined-replay	dedup_decision_single_use	verified
combined-replay	dedup_outcomes_exclusive	verified
combined-replay	normal_distinct_batch_complete	verified
combined-replay	normal_distinct_fail_slot1_exists	verified
combined-replay	normal_distinct_fail_slot2_exists	verified
combined-replay	batch_fail_complete_exclusive	verified
combined-replay	state_consumed_on_duplicate_fail	verified
combined-replay	confirmed_base_message_accepted_at_most_once	verified
combined-replay	duplicate_same_base_different_tag_fail_exists	verified
combined-replay	confirmed_accept_requires_valid_tag	verified
combined-replay	confirmed_accept_requires_hmac_validated	verified
combined-replay	hmac_failure_slot1_exists	verified
combined-replay	hmac_failure_slot2_after_prior_accept_replay_exists	verified
combined-replay	hmac_failed_slot_has_no_accept	verified
combined-replay	normal_two_distinct_valid_confirmed_accepts_complete	verified
combined-impact	normal_confirmed_single_accept	verified
combined-impact	normal_confirmed_batch_complete	verified
combined-impact	confirmed_receiver_accept_has_sender	verified
combined-impact	confirmed_message_unique_send	verified
combined-impact	one_confirmed_send_two_accepts_exists	falsified
combined-impact	confirmed_message_accepted_at_most_once	verified
combined-impact	injective_confirmed_receiver_accept	verified
combined-impact	slot_indices_distinct	verified
combined-impact	process_requires_slot_added	verified
combined-impact	process_requires_seal	verified
combined-impact	complete_requires_all_slots_processed	verified
combined-impact	no_add_after_seal	verified
combined-impact	no_accept_after_close	verified
combined-impact	batch_complete_consumes_state	verified
combined-impact	batch_fail_consumes_state	verified
combined-impact	batch_end_token_single_use	verified
combined-impact	receiver_state_single_batch	verified
combined-impact	receiver_state_single_batch_end	verified
combined-impact	duplicate_batch_fail_exists	verified
combined-impact	duplicate_detected_before_any_accept	verified
combined-impact	duplicate_batch_has_no_accept	verified
combined-impact	process_requires_dedup_pass	verified
combined-impact	dedup_pass_messages_distinct	verified
combined-impact	dedup_decision_single_use	verified
combined-impact	dedup_outcomes_exclusive	verified
combined-impact	normal_distinct_batch_complete	verified
combined-impact	normal_distinct_fail_slot1_exists	verified
combined-impact	normal_distinct_fail_slot2_exists	verified
combined-impact	batch_fail_complete_exclusive	verified
combined-impact	state_consumed_on_duplicate_fail	verified
combined-impact	confirmed_base_message_accepted_at_most_once	verified
combined-impact	duplicate_same_base_different_tag_fail_exists	verified
combined-impact	confirmed_accept_requires_valid_tag	verified
combined-impact	confirmed_accept_requires_hmac_validated	verified
combined-impact	hmac_failure_slot1_exists	verified
combined-impact	hmac_failure_slot2_after_prior_accept_replay_exists	verified
combined-impact	hmac_failed_slot_has_no_accept	verified
combined-impact	normal_two_distinct_valid_confirmed_accepts_complete	verified
combined-impact	accept_output_has_same_time_confirmed_accept	verified
combined-impact	confirmed_receiver_accept_has_output	verified
combined-impact	confirmed_receiver_accept_has_unique_output	verified
combined-impact	accept_id_unique	verified
combined-impact	install_has_prior_accept	verified
combined-impact	install_session_has_interface_origin	verified
combined-impact	install_from_accept_has_session	verified
combined-impact	install_event_has_single_source	verified
combined-impact	install_handle_unique	verified
combined-impact	accept_output_installed_at_most_once	verified
combined-impact	distinct_accept_sources_have_distinct_handles	verified
combined-impact	install_requires_batch_complete	verified
combined-impact	consumer_complete_requires_all_outputs_installed	verified
combined-impact	consumer_complete_single_use	verified
combined-impact	no_install_after_consumer_close	verified
combined-impact	normal_one_confirmed_accept_one_install	verified
combined-impact	legacy_same_confirmed_message_consumer_complete_exists	falsified
combined-impact	one_confirmed_send_two_accepts_two_installs_exists	falsified
combined-impact	unique_install_within_completed_consumer	verified
combined-impact	duplicate_batch_has_no_accept_output	verified
combined-impact	duplicate_batch_has_no_install	verified
combined-impact	normal_two_distinct_valid_confirmed_outputs_consumer_complete	verified
combined-impact	no_consumer_after_failed_batch	verified
combined-impact	hmac_failure_slot2_after_prior_accept_exists	verified
original-replay	normal_single_accept	verified
original-replay	normal_batch_complete	verified
original-replay	one_send_two_accepts_exists	verified
original-replay	same_message_accepted_at_most_once	falsified
original-replay	full_message_unique_send	verified
original-replay	receiver_accept_has_sender	verified
original-replay	injective_receiver_accept	falsified
original-replay	slot_indices_distinct	verified
original-replay	process_requires_slot_added	verified
original-replay	process_requires_seal	verified
original-replay	complete_requires_all_slots_processed	verified
original-replay	no_add_after_seal	verified
original-replay	no_accept_after_close	verified
original-replay	batch_complete_consumes_state	verified
original-replay	batch_fail_consumes_state	verified
original-replay	batch_end_token_single_use	verified
original-replay	receiver_state_single_batch	verified
original-replay	receiver_state_single_batch_end	verified
hmac-replay	normal_confirmed_single_accept	verified
hmac-replay	normal_confirmed_batch_complete	verified
hmac-replay	confirmed_receiver_accept_has_sender	verified
hmac-replay	confirmed_message_unique_send	verified
hmac-replay	one_confirmed_send_two_accepts_exists	verified
hmac-replay	confirmed_message_accepted_at_most_once	falsified
hmac-replay	injective_confirmed_receiver_accept	falsified
hmac-replay	slot_indices_distinct	verified
hmac-replay	process_requires_slot_added	verified
hmac-replay	process_requires_seal	verified
hmac-replay	complete_requires_all_slots_processed	verified
hmac-replay	no_add_after_seal	verified
hmac-replay	no_accept_after_close	verified
hmac-replay	batch_complete_consumes_state	verified
hmac-replay	batch_fail_consumes_state	verified
hmac-replay	batch_end_token_single_use	verified
hmac-replay	receiver_state_single_batch	verified
hmac-replay	receiver_state_single_batch_end	verified
original-impact	accept_output_has_same_time_accept	verified
original-impact	receiver_accept_has_output	verified
original-impact	receiver_accept_has_unique_output	verified
original-impact	accept_id_unique	verified
original-impact	install_has_prior_accept	verified
original-impact	install_session_has_interface_origin	verified
original-impact	install_from_accept_has_session	verified
original-impact	install_event_has_single_source	verified
original-impact	install_handle_unique	verified
original-impact	accept_output_installed_at_most_once	verified
original-impact	distinct_accept_sources_have_distinct_handles	verified
original-impact	install_requires_batch_complete	verified
original-impact	consumer_complete_requires_all_outputs_installed	verified
original-impact	consumer_complete_single_use	verified
original-impact	no_install_after_consumer_close	verified
original-impact	normal_one_accept_one_install	verified
original-impact	normal_consumer_complete	verified
original-impact	one_send_two_accepts_two_installs_exists	verified
original-impact	unique_install_within_completed_consumer	falsified
original-impact	normal_single_accept	verified
original-impact	normal_batch_complete	verified
original-impact	one_send_two_accepts_exists	verified
original-impact	same_message_accepted_at_most_once	falsified
original-impact	full_message_unique_send	verified
original-impact	receiver_accept_has_sender	verified
original-impact	injective_receiver_accept	falsified
original-impact	slot_indices_distinct	verified
original-impact	process_requires_slot_added	verified
original-impact	process_requires_seal	verified
original-impact	complete_requires_all_slots_processed	verified
original-impact	no_add_after_seal	verified
original-impact	no_accept_after_close	verified
original-impact	batch_complete_consumes_state	verified
original-impact	batch_fail_consumes_state	verified
original-impact	batch_end_token_single_use	verified
original-impact	receiver_state_single_batch	verified
original-impact	receiver_state_single_batch_end	verified
fixed-replay	normal_single_accept	verified
fixed-replay	normal_batch_complete	verified
fixed-replay	one_send_two_accepts_exists	falsified
fixed-replay	same_message_accepted_at_most_once	verified
fixed-replay	full_message_unique_send	verified
fixed-replay	receiver_accept_has_sender	verified
fixed-replay	injective_receiver_accept	verified
fixed-replay	slot_indices_distinct	verified
fixed-replay	process_requires_slot_added	verified
fixed-replay	process_requires_seal	verified
fixed-replay	complete_requires_all_slots_processed	verified
fixed-replay	no_add_after_seal	verified
fixed-replay	no_accept_after_close	verified
fixed-replay	batch_complete_consumes_state	verified
fixed-replay	batch_fail_consumes_state	verified
fixed-replay	batch_end_token_single_use	verified
fixed-replay	receiver_state_single_batch	verified
fixed-replay	receiver_state_single_batch_end	verified
fixed-replay	duplicate_batch_fail_exists	verified
fixed-replay	duplicate_detected_before_any_accept	verified
fixed-replay	duplicate_batch_has_no_accept	verified
fixed-replay	process_requires_dedup_pass	verified
fixed-replay	dedup_pass_messages_distinct	verified
fixed-replay	dedup_decision_single_use	verified
fixed-replay	dedup_outcomes_exclusive	verified
fixed-replay	normal_distinct_batch_complete	verified
fixed-replay	normal_distinct_fail_slot1_exists	verified
fixed-replay	normal_distinct_fail_slot2_exists	verified
fixed-replay	batch_fail_complete_exclusive	verified
fixed-replay	state_consumed_on_duplicate_fail	verified
fixed-impact	accept_output_has_same_time_accept	verified
fixed-impact	receiver_accept_has_output	verified
fixed-impact	receiver_accept_has_unique_output	verified
fixed-impact	accept_id_unique	verified
fixed-impact	install_has_prior_accept	verified
fixed-impact	install_session_has_interface_origin	verified
fixed-impact	install_from_accept_has_session	verified
fixed-impact	install_event_has_single_source	verified
fixed-impact	install_handle_unique	verified
fixed-impact	accept_output_installed_at_most_once	verified
fixed-impact	distinct_accept_sources_have_distinct_handles	verified
fixed-impact	install_requires_batch_complete	verified
fixed-impact	consumer_complete_requires_all_outputs_installed	verified
fixed-impact	consumer_complete_single_use	verified
fixed-impact	no_install_after_consumer_close	verified
fixed-impact	normal_one_accept_one_install	verified
fixed-impact	normal_consumer_complete	falsified
fixed-impact	one_send_two_accepts_two_installs_exists	falsified
fixed-impact	unique_install_within_completed_consumer	verified
fixed-impact	normal_single_accept	verified
fixed-impact	normal_batch_complete	verified
fixed-impact	one_send_two_accepts_exists	falsified
fixed-impact	same_message_accepted_at_most_once	verified
fixed-impact	full_message_unique_send	verified
fixed-impact	receiver_accept_has_sender	verified
fixed-impact	injective_receiver_accept	verified
fixed-impact	slot_indices_distinct	verified
fixed-impact	process_requires_slot_added	verified
fixed-impact	process_requires_seal	verified
fixed-impact	complete_requires_all_slots_processed	verified
fixed-impact	no_add_after_seal	verified
fixed-impact	no_accept_after_close	verified
fixed-impact	batch_complete_consumes_state	verified
fixed-impact	batch_fail_consumes_state	verified
fixed-impact	batch_end_token_single_use	verified
fixed-impact	receiver_state_single_batch	verified
fixed-impact	receiver_state_single_batch_end	verified
fixed-impact	duplicate_batch_fail_exists	verified
fixed-impact	duplicate_detected_before_any_accept	verified
fixed-impact	duplicate_batch_has_no_accept	verified
fixed-impact	duplicate_batch_has_no_accept_output	verified
fixed-impact	duplicate_batch_has_no_install	verified
fixed-impact	process_requires_dedup_pass	verified
fixed-impact	dedup_pass_messages_distinct	verified
fixed-impact	dedup_decision_single_use	verified
fixed-impact	dedup_outcomes_exclusive	verified
fixed-impact	normal_distinct_batch_complete	verified
fixed-impact	normal_distinct_consumer_complete	verified
fixed-impact	normal_distinct_fail_slot1_exists	verified
fixed-impact	normal_distinct_fail_slot2_exists	verified
fixed-impact	batch_fail_complete_exclusive	verified
fixed-impact	state_consumed_on_duplicate_fail	verified
fixed-impact	no_consumer_after_failed_batch	verified
v6	executable_add_slot	verified
v6	executable_seal_batch	verified
v6	executable_process_slot	verified
v6	executable_batch_complete	verified
v6	executable_batch_fail	verified
v6	process_requires_slot_added	verified
v6	process_requires_seal	verified
v6	complete_requires_seal	verified
v6	fail_requires_seal	verified
v6	batch_complete_consumes_state	verified
v6	batch_fail_consumes_state	verified
v6	batch_end_token_single_use	verified
v6	batch_fail_complete_exclusive	verified
v6	slot_origin_without_early_compromise	verified
v6	slot_key_known_requires_exception	verified
v6	partnered_slot_key_not_attacker_known_without_early_compromise	verified
v7	executable_four_slots_added	verified
v7	executable_seal_batch	verified
v7	executable_four_slots_processed	verified
v7	executable_batch_complete	verified
v7	executable_batch_fail	verified
v7	seal_requires_all_slots_added	verified
v7	process_requires_slot_added	verified
v7	process_requires_seal	verified
v7	complete_requires_seal	verified
v7	fail_requires_seal	verified
v7	complete_requires_all_slots_done	verified
v7	complete_requires_all_added_slots_processed	verified
v7	no_add_after_seal	verified
v7	no_add_after_complete	verified
v7	no_add_after_fail	verified
v7	no_slot_accept_after_complete	verified
v7	no_slot_accept_after_fail	verified
v7	no_slot_accept_after_close	verified
v7	batch_complete_consumes_state	verified
v7	batch_fail_consumes_state	verified
v7	batch_end_token_single_use	verified
v7	batch_fail_complete_exclusive	verified
v7	receiver_state_single_batch_end	verified
v7	slot_origin	verified
