suite	target	event	exit_status	systemd_result	exec_main_code	exec_main_status	memory_max_mb	memory_swap_max	raw_output	unit
combined-replay	normal_confirmed_single_accept	none	0	success	0	0	49152	0	proofs/combined-replay/normal_confirmed_single_accept.out	kwaay-m4-116159-0-combined-replay-normal_confirmed_single_accept
combined-replay	normal_confirmed_batch_complete	none	0	success	0	0	49152	0	proofs/combined-replay/normal_confirmed_batch_complete.out	kwaay-m4-116159-1-combined-replay-normal_confirmed_batch_complete
combined-replay	confirmed_receiver_accept_has_sender	none	0	success	0	0	49152	0	proofs/combined-replay/confirmed_receiver_accept_has_sender.out	kwaay-m4-116159-2-combined-replay-confirmed_receiver_accept_has_sender
combined-replay	confirmed_message_unique_send	none	0	success	0	0	49152	0	proofs/combined-replay/confirmed_message_unique_send.out	kwaay-m4-116159-3-combined-replay-confirmed_message_unique_send
combined-replay	one_confirmed_send_two_accepts_exists	none	0	success	0	0	49152	0	proofs/combined-replay/one_confirmed_send_two_accepts_exists.out	kwaay-m4-116159-4-combined-replay-one_confirmed_send_two_accepts_exists
combined-replay	confirmed_message_accepted_at_most_once	none	0	success	0	0	49152	0	proofs/combined-replay/confirmed_message_accepted_at_most_once.out	kwaay-m4-116159-5-combined-replay-confirmed_message_accepted_at_most_once
combined-replay	injective_confirmed_receiver_accept	none	0	success	0	0	49152	0	proofs/combined-replay/injective_confirmed_receiver_accept.out	kwaay-m4-116159-6-combined-replay-injective_confirmed_receiver_accept
combined-replay	slot_indices_distinct	none	0	success	0	0	49152	0	proofs/combined-replay/slot_indices_distinct.out	kwaay-m4-116159-7-combined-replay-slot_indices_distinct
combined-replay	process_requires_slot_added	none	0	success	0	0	49152	0	proofs/combined-replay/process_requires_slot_added.out	kwaay-m4-116159-8-combined-replay-process_requires_slot_added
combined-replay	process_requires_seal	none	0	success	0	0	49152	0	proofs/combined-replay/process_requires_seal.out	kwaay-m4-116159-9-combined-replay-process_requires_seal
combined-replay	complete_requires_all_slots_processed	none	0	success	0	0	49152	0	proofs/combined-replay/complete_requires_all_slots_processed.out	kwaay-m4-116159-10-combined-replay-complete_requires_all_slots_processed
combined-replay	no_add_after_seal	none	0	success	0	0	49152	0	proofs/combined-replay/no_add_after_seal.out	kwaay-m4-116159-11-combined-replay-no_add_after_seal
combined-replay	no_accept_after_close	none	0	success	0	0	49152	0	proofs/combined-replay/no_accept_after_close.out	kwaay-m4-116159-12-combined-replay-no_accept_after_close
combined-replay	batch_complete_consumes_state	none	0	success	0	0	49152	0	proofs/combined-replay/batch_complete_consumes_state.out	kwaay-m4-116159-13-combined-replay-batch_complete_consumes_state
combined-replay	batch_fail_consumes_state	none	0	success	0	0	49152	0	proofs/combined-replay/batch_fail_consumes_state.out	kwaay-m4-116159-14-combined-replay-batch_fail_consumes_state
combined-replay	batch_end_token_single_use	none	0	success	0	0	49152	0	proofs/combined-replay/batch_end_token_single_use.out	kwaay-m4-116159-15-combined-replay-batch_end_token_single_use
combined-replay	receiver_state_single_batch	none	0	success	0	0	49152	0	proofs/combined-replay/receiver_state_single_batch.out	kwaay-m4-116159-16-combined-replay-receiver_state_single_batch
combined-replay	receiver_state_single_batch_end	none	0	success	0	0	49152	0	proofs/combined-replay/receiver_state_single_batch_end.out	kwaay-m4-116159-17-combined-replay-receiver_state_single_batch_end
combined-replay	duplicate_batch_fail_exists	none	0	success	0	0	49152	0	proofs/combined-replay/duplicate_batch_fail_exists.out	kwaay-m4-116159-18-combined-replay-duplicate_batch_fail_exists
combined-replay	duplicate_detected_before_any_accept	none	0	success	0	0	49152	0	proofs/combined-replay/duplicate_detected_before_any_accept.out	kwaay-m4-116159-19-combined-replay-duplicate_detected_before_any_accept
combined-replay	duplicate_batch_has_no_accept	none	0	success	0	0	49152	0	proofs/combined-replay/duplicate_batch_has_no_accept.out	kwaay-m4-116159-20-combined-replay-duplicate_batch_has_no_accept
combined-replay	process_requires_dedup_pass	none	0	success	0	0	49152	0	proofs/combined-replay/process_requires_dedup_pass.out	kwaay-m4-116159-21-combined-replay-process_requires_dedup_pass
combined-replay	dedup_pass_messages_distinct	none	0	success	0	0	49152	0	proofs/combined-replay/dedup_pass_messages_distinct.out	kwaay-m4-116159-22-combined-replay-dedup_pass_messages_distinct
combined-replay	dedup_decision_single_use	none	0	success	0	0	49152	0	proofs/combined-replay/dedup_decision_single_use.out	kwaay-m4-116159-23-combined-replay-dedup_decision_single_use
combined-replay	dedup_outcomes_exclusive	none	0	success	0	0	49152	0	proofs/combined-replay/dedup_outcomes_exclusive.out	kwaay-m4-116159-24-combined-replay-dedup_outcomes_exclusive
combined-replay	normal_distinct_batch_complete	none	0	success	0	0	49152	0	proofs/combined-replay/normal_distinct_batch_complete.out	kwaay-m4-116159-25-combined-replay-normal_distinct_batch_complete
combined-replay	normal_distinct_fail_slot1_exists	none	0	success	0	0	49152	0	proofs/combined-replay/normal_distinct_fail_slot1_exists.out	kwaay-m4-116159-26-combined-replay-normal_distinct_fail_slot1_exists
combined-replay	normal_distinct_fail_slot2_exists	none	0	success	0	0	49152	0	proofs/combined-replay/normal_distinct_fail_slot2_exists.out	kwaay-m4-116159-27-combined-replay-normal_distinct_fail_slot2_exists
combined-replay	batch_fail_complete_exclusive	none	0	success	0	0	49152	0	proofs/combined-replay/batch_fail_complete_exclusive.out	kwaay-m4-116159-28-combined-replay-batch_fail_complete_exclusive
combined-replay	state_consumed_on_duplicate_fail	none	0	success	0	0	49152	0	proofs/combined-replay/state_consumed_on_duplicate_fail.out	kwaay-m4-116159-29-combined-replay-state_consumed_on_duplicate_fail
combined-replay	confirmed_base_message_accepted_at_most_once	none	0	success	0	0	49152	0	proofs/combined-replay/confirmed_base_message_accepted_at_most_once.out	kwaay-m4-116159-30-combined-replay-confirmed_base_message_accepted_at_most_once
combined-replay	duplicate_same_base_different_tag_fail_exists	none	0	success	0	0	49152	0	proofs/combined-replay/duplicate_same_base_different_tag_fail_exists.out	kwaay-m4-116159-31-combined-replay-duplicate_same_base_different_tag_fail_exists
combined-replay	confirmed_accept_requires_valid_tag	none	0	success	0	0	49152	0	proofs/combined-replay/confirmed_accept_requires_valid_tag.out	kwaay-m4-116159-32-combined-replay-confirmed_accept_requires_valid_tag
combined-replay	confirmed_accept_requires_hmac_validated	none	0	success	0	0	49152	0	proofs/combined-replay/confirmed_accept_requires_hmac_validated.out	kwaay-m4-116159-33-combined-replay-confirmed_accept_requires_hmac_validated
combined-replay	hmac_failure_slot1_exists	none	0	success	0	0	49152	0	proofs/combined-replay/hmac_failure_slot1_exists.out	kwaay-m4-116159-34-combined-replay-hmac_failure_slot1_exists
combined-replay	hmac_failure_slot2_after_prior_accept_replay_exists	none	0	success	0	0	49152	0	proofs/combined-replay/hmac_failure_slot2_after_prior_accept_replay_exists.out	kwaay-m4-116159-35-combined-replay-hmac_failure_slot2_after_prior_accept_replay_exists
combined-replay	hmac_failed_slot_has_no_accept	none	0	success	0	0	49152	0	proofs/combined-replay/hmac_failed_slot_has_no_accept.out	kwaay-m4-116159-36-combined-replay-hmac_failed_slot_has_no_accept
combined-replay	normal_two_distinct_valid_confirmed_accepts_complete	none	0	success	0	0	49152	0	proofs/combined-replay/normal_two_distinct_valid_confirmed_accepts_complete.out	kwaay-m4-116159-37-combined-replay-normal_two_distinct_valid_confirmed_accepts_complete
combined-impact	normal_confirmed_single_accept	none	0	success	0	0	49152	0	proofs/combined-impact/normal_confirmed_single_accept.out	kwaay-m4-116159-38-combined-impact-normal_confirmed_single_accept
combined-impact	normal_confirmed_batch_complete	none	0	success	0	0	49152	0	proofs/combined-impact/normal_confirmed_batch_complete.out	kwaay-m4-116159-39-combined-impact-normal_confirmed_batch_complete
combined-impact	confirmed_receiver_accept_has_sender	none	0	success	0	0	49152	0	proofs/combined-impact/confirmed_receiver_accept_has_sender.out	kwaay-m4-116159-40-combined-impact-confirmed_receiver_accept_has_sender
combined-impact	confirmed_message_unique_send	none	0	success	0	0	49152	0	proofs/combined-impact/confirmed_message_unique_send.out	kwaay-m4-116159-41-combined-impact-confirmed_message_unique_send
combined-impact	one_confirmed_send_two_accepts_exists	none	0	success	0	0	49152	0	proofs/combined-impact/one_confirmed_send_two_accepts_exists.out	kwaay-m4-116159-42-combined-impact-one_confirmed_send_two_accepts_exists
combined-impact	confirmed_message_accepted_at_most_once	none	0	success	0	0	49152	0	proofs/combined-impact/confirmed_message_accepted_at_most_once.out	kwaay-m4-116159-43-combined-impact-confirmed_message_accepted_at_most_once
combined-impact	injective_confirmed_receiver_accept	none	0	success	0	0	49152	0	proofs/combined-impact/injective_confirmed_receiver_accept.out	kwaay-m4-116159-44-combined-impact-injective_confirmed_receiver_accept
combined-impact	slot_indices_distinct	none	0	success	0	0	49152	0	proofs/combined-impact/slot_indices_distinct.out	kwaay-m4-116159-45-combined-impact-slot_indices_distinct
combined-impact	process_requires_slot_added	none	0	success	0	0	49152	0	proofs/combined-impact/process_requires_slot_added.out	kwaay-m4-116159-46-combined-impact-process_requires_slot_added
combined-impact	process_requires_seal	none	0	success	0	0	49152	0	proofs/combined-impact/process_requires_seal.out	kwaay-m4-116159-47-combined-impact-process_requires_seal
combined-impact	complete_requires_all_slots_processed	none	0	success	0	0	49152	0	proofs/combined-impact/complete_requires_all_slots_processed.out	kwaay-m4-116159-48-combined-impact-complete_requires_all_slots_processed
combined-impact	no_add_after_seal	none	0	success	0	0	49152	0	proofs/combined-impact/no_add_after_seal.out	kwaay-m4-116159-49-combined-impact-no_add_after_seal
combined-impact	no_accept_after_close	none	0	success	0	0	49152	0	proofs/combined-impact/no_accept_after_close.out	kwaay-m4-116159-50-combined-impact-no_accept_after_close
combined-impact	batch_complete_consumes_state	none	0	success	0	0	49152	0	proofs/combined-impact/batch_complete_consumes_state.out	kwaay-m4-116159-51-combined-impact-batch_complete_consumes_state
combined-impact	batch_fail_consumes_state	none	0	success	0	0	49152	0	proofs/combined-impact/batch_fail_consumes_state.out	kwaay-m4-116159-52-combined-impact-batch_fail_consumes_state
combined-impact	batch_end_token_single_use	none	0	success	0	0	49152	0	proofs/combined-impact/batch_end_token_single_use.out	kwaay-m4-116159-53-combined-impact-batch_end_token_single_use
combined-impact	receiver_state_single_batch	none	0	success	0	0	49152	0	proofs/combined-impact/receiver_state_single_batch.out	kwaay-m4-116159-54-combined-impact-receiver_state_single_batch
combined-impact	receiver_state_single_batch_end	none	0	success	0	0	49152	0	proofs/combined-impact/receiver_state_single_batch_end.out	kwaay-m4-116159-55-combined-impact-receiver_state_single_batch_end
combined-impact	duplicate_batch_fail_exists	none	0	success	0	0	49152	0	proofs/combined-impact/duplicate_batch_fail_exists.out	kwaay-m4-116159-56-combined-impact-duplicate_batch_fail_exists
combined-impact	duplicate_detected_before_any_accept	none	0	success	0	0	49152	0	proofs/combined-impact/duplicate_detected_before_any_accept.out	kwaay-m4-116159-57-combined-impact-duplicate_detected_before_any_accept
combined-impact	duplicate_batch_has_no_accept	none	0	success	0	0	49152	0	proofs/combined-impact/duplicate_batch_has_no_accept.out	kwaay-m4-116159-58-combined-impact-duplicate_batch_has_no_accept
combined-impact	process_requires_dedup_pass	timeout	124	exit-code	1	124	49152	0	proofs/combined-impact/process_requires_dedup_pass.out	kwaay-m4-116159-59-combined-impact-process_requires_dedup_pass
combined-impact	dedup_pass_messages_distinct	none	0	success	0	0	49152	0	proofs/combined-impact/dedup_pass_messages_distinct.out	kwaay-m4-116159-60-combined-impact-dedup_pass_messages_distinct
combined-impact	dedup_decision_single_use	none	0	success	0	0	49152	0	proofs/combined-impact/dedup_decision_single_use.out	kwaay-m4-116159-61-combined-impact-dedup_decision_single_use
combined-impact	dedup_outcomes_exclusive	timeout	124	exit-code	1	124	49152	0	proofs/combined-impact/dedup_outcomes_exclusive.out	kwaay-m4-116159-62-combined-impact-dedup_outcomes_exclusive
combined-impact	normal_distinct_batch_complete	timeout	124	exit-code	1	124	49152	0	proofs/combined-impact/normal_distinct_batch_complete.out	kwaay-m4-116159-63-combined-impact-normal_distinct_batch_complete
combined-impact	normal_distinct_fail_slot1_exists	none	0	success	0	0	49152	0	proofs/combined-impact/normal_distinct_fail_slot1_exists.out	kwaay-m4-116159-64-combined-impact-normal_distinct_fail_slot1_exists
combined-impact	normal_distinct_fail_slot2_exists	timeout	124	exit-code	1	124	49152	0	proofs/combined-impact/normal_distinct_fail_slot2_exists.out	kwaay-m4-116159-65-combined-impact-normal_distinct_fail_slot2_exists
combined-impact	batch_fail_complete_exclusive	none	0	success	0	0	49152	0	proofs/combined-impact/batch_fail_complete_exclusive.out	kwaay-m4-116159-66-combined-impact-batch_fail_complete_exclusive
combined-impact	state_consumed_on_duplicate_fail	none	0	success	0	0	49152	0	proofs/combined-impact/state_consumed_on_duplicate_fail.out	kwaay-m4-116159-67-combined-impact-state_consumed_on_duplicate_fail
combined-impact	confirmed_base_message_accepted_at_most_once	none	0	success	0	0	49152	0	proofs/combined-impact/confirmed_base_message_accepted_at_most_once.out	kwaay-m4-116159-68-combined-impact-confirmed_base_message_accepted_at_most_once
combined-impact	duplicate_same_base_different_tag_fail_exists	none	0	success	0	0	49152	0	proofs/combined-impact/duplicate_same_base_different_tag_fail_exists.out	kwaay-m4-116159-69-combined-impact-duplicate_same_base_different_tag_fail_exists
combined-impact	confirmed_accept_requires_valid_tag	none	0	success	0	0	49152	0	proofs/combined-impact/confirmed_accept_requires_valid_tag.out	kwaay-m4-116159-70-combined-impact-confirmed_accept_requires_valid_tag
combined-impact	confirmed_accept_requires_hmac_validated	none	0	success	0	0	49152	0	proofs/combined-impact/confirmed_accept_requires_hmac_validated.out	kwaay-m4-116159-71-combined-impact-confirmed_accept_requires_hmac_validated
combined-impact	hmac_failure_slot1_exists	timeout	124	exit-code	1	124	49152	0	proofs/combined-impact/hmac_failure_slot1_exists.out	kwaay-m4-116159-72-combined-impact-hmac_failure_slot1_exists
combined-impact	hmac_failure_slot2_after_prior_accept_replay_exists	none	0	success	0	0	49152	0	proofs/combined-impact/hmac_failure_slot2_after_prior_accept_replay_exists.out	kwaay-m4-116159-73-combined-impact-hmac_failure_slot2_after_prior_accept_replay_exists
combined-impact	hmac_failed_slot_has_no_accept	none	0	success	0	0	49152	0	proofs/combined-impact/hmac_failed_slot_has_no_accept.out	kwaay-m4-116159-74-combined-impact-hmac_failed_slot_has_no_accept
combined-impact	normal_two_distinct_valid_confirmed_accepts_complete	none	0	success	0	0	49152	0	proofs/combined-impact/normal_two_distinct_valid_confirmed_accepts_complete.out	kwaay-m4-116159-75-combined-impact-normal_two_distinct_valid_confirmed_accepts_complete
combined-impact	accept_output_has_same_time_confirmed_accept	none	0	success	0	0	49152	0	proofs/combined-impact/accept_output_has_same_time_confirmed_accept.out	kwaay-m4-116159-76-combined-impact-accept_output_has_same_time_confirmed_accept
combined-impact	confirmed_receiver_accept_has_output	none	0	success	0	0	49152	0	proofs/combined-impact/confirmed_receiver_accept_has_output.out	kwaay-m4-116159-77-combined-impact-confirmed_receiver_accept_has_output
combined-impact	confirmed_receiver_accept_has_unique_output	none	0	success	0	0	49152	0	proofs/combined-impact/confirmed_receiver_accept_has_unique_output.out	kwaay-m4-116159-78-combined-impact-confirmed_receiver_accept_has_unique_output
combined-impact	accept_id_unique	none	0	success	0	0	49152	0	proofs/combined-impact/accept_id_unique.out	kwaay-m4-116159-79-combined-impact-accept_id_unique
combined-impact	install_has_prior_accept	none	0	success	0	0	49152	0	proofs/combined-impact/install_has_prior_accept.out	kwaay-m4-116159-80-combined-impact-install_has_prior_accept
combined-impact	install_session_has_interface_origin	none	0	success	0	0	49152	0	proofs/combined-impact/install_session_has_interface_origin.out	kwaay-m4-116159-81-combined-impact-install_session_has_interface_origin
combined-impact	install_from_accept_has_session	none	0	success	0	0	49152	0	proofs/combined-impact/install_from_accept_has_session.out	kwaay-m4-116159-82-combined-impact-install_from_accept_has_session
combined-impact	install_event_has_single_source	none	0	success	0	0	49152	0	proofs/combined-impact/install_event_has_single_source.out	kwaay-m4-116159-83-combined-impact-install_event_has_single_source
combined-impact	install_handle_unique	none	0	success	0	0	49152	0	proofs/combined-impact/install_handle_unique.out	kwaay-m4-116159-84-combined-impact-install_handle_unique
combined-impact	accept_output_installed_at_most_once	none	0	success	0	0	49152	0	proofs/combined-impact/accept_output_installed_at_most_once.out	kwaay-m4-116159-85-combined-impact-accept_output_installed_at_most_once
combined-impact	distinct_accept_sources_have_distinct_handles	none	0	success	0	0	49152	0	proofs/combined-impact/distinct_accept_sources_have_distinct_handles.out	kwaay-m4-116159-86-combined-impact-distinct_accept_sources_have_distinct_handles
combined-impact	install_requires_batch_complete	none	0	success	0	0	49152	0	proofs/combined-impact/install_requires_batch_complete.out	kwaay-m4-116159-87-combined-impact-install_requires_batch_complete
combined-impact	consumer_complete_requires_all_outputs_installed	none	0	success	0	0	49152	0	proofs/combined-impact/consumer_complete_requires_all_outputs_installed.out	kwaay-m4-116159-88-combined-impact-consumer_complete_requires_all_outputs_installed
combined-impact	consumer_complete_single_use	none	0	success	0	0	49152	0	proofs/combined-impact/consumer_complete_single_use.out	kwaay-m4-116159-89-combined-impact-consumer_complete_single_use
combined-impact	no_install_after_consumer_close	none	0	success	0	0	49152	0	proofs/combined-impact/no_install_after_consumer_close.out	kwaay-m4-116159-90-combined-impact-no_install_after_consumer_close
combined-impact	normal_one_confirmed_accept_one_install	none	0	success	0	0	49152	0	proofs/combined-impact/normal_one_confirmed_accept_one_install.out	kwaay-m4-116159-91-combined-impact-normal_one_confirmed_accept_one_install
combined-impact	legacy_same_confirmed_message_consumer_complete_exists	none	0	success	0	0	49152	0	proofs/combined-impact/legacy_same_confirmed_message_consumer_complete_exists.out	kwaay-m4-116159-92-combined-impact-legacy_same_confirmed_message_consumer_complete_exists
combined-impact	one_confirmed_send_two_accepts_two_installs_exists	none	0	success	0	0	49152	0	proofs/combined-impact/one_confirmed_send_two_accepts_two_installs_exists.out	kwaay-m4-116159-93-combined-impact-one_confirmed_send_two_accepts_two_installs_exists
combined-impact	unique_install_within_completed_consumer	none	0	success	0	0	49152	0	proofs/combined-impact/unique_install_within_completed_consumer.out	kwaay-m4-116159-94-combined-impact-unique_install_within_completed_consumer
combined-impact	duplicate_batch_has_no_accept_output	none	0	success	0	0	49152	0	proofs/combined-impact/duplicate_batch_has_no_accept_output.out	kwaay-m4-116159-95-combined-impact-duplicate_batch_has_no_accept_output
combined-impact	duplicate_batch_has_no_install	none	0	success	0	0	49152	0	proofs/combined-impact/duplicate_batch_has_no_install.out	kwaay-m4-116159-96-combined-impact-duplicate_batch_has_no_install
combined-impact	normal_two_distinct_valid_confirmed_outputs_consumer_complete	none	0	success	0	0	49152	0	proofs/combined-impact/normal_two_distinct_valid_confirmed_outputs_consumer_complete.out	kwaay-m4-116159-97-combined-impact-normal_two_distinct_valid_confirmed_outputs_consumer_complete
combined-impact	no_consumer_after_failed_batch	none	0	success	0	0	49152	0	proofs/combined-impact/no_consumer_after_failed_batch.out	kwaay-m4-116159-98-combined-impact-no_consumer_after_failed_batch
combined-impact	hmac_failure_slot2_after_prior_accept_exists	none	0	success	0	0	49152	0	proofs/combined-impact/hmac_failure_slot2_after_prior_accept_exists.out	kwaay-m4-116159-99-combined-impact-hmac_failure_slot2_after_prior_accept_exists
original-replay	normal_single_accept	none	0	success	0	0	49152	0	proofs/original-replay/normal_single_accept.out	kwaay-m4-116159-100-original-replay-normal_single_accept
original-replay	normal_batch_complete	none	0	success	0	0	49152	0	proofs/original-replay/normal_batch_complete.out	kwaay-m4-116159-101-original-replay-normal_batch_complete
original-replay	one_send_two_accepts_exists	none	0	success	0	0	49152	0	proofs/original-replay/one_send_two_accepts_exists.out	kwaay-m4-116159-102-original-replay-one_send_two_accepts_exists
original-replay	same_message_accepted_at_most_once	none	0	success	0	0	49152	0	proofs/original-replay/same_message_accepted_at_most_once.out	kwaay-m4-116159-103-original-replay-same_message_accepted_at_most_once
original-replay	full_message_unique_send	none	0	success	0	0	49152	0	proofs/original-replay/full_message_unique_send.out	kwaay-m4-116159-104-original-replay-full_message_unique_send
original-replay	receiver_accept_has_sender	none	0	success	0	0	49152	0	proofs/original-replay/receiver_accept_has_sender.out	kwaay-m4-116159-105-original-replay-receiver_accept_has_sender
original-replay	injective_receiver_accept	none	0	success	0	0	49152	0	proofs/original-replay/injective_receiver_accept.out	kwaay-m4-116159-106-original-replay-injective_receiver_accept
original-replay	slot_indices_distinct	none	0	success	0	0	49152	0	proofs/original-replay/slot_indices_distinct.out	kwaay-m4-116159-107-original-replay-slot_indices_distinct
original-replay	process_requires_slot_added	none	0	success	0	0	49152	0	proofs/original-replay/process_requires_slot_added.out	kwaay-m4-116159-108-original-replay-process_requires_slot_added
original-replay	process_requires_seal	none	0	success	0	0	49152	0	proofs/original-replay/process_requires_seal.out	kwaay-m4-116159-109-original-replay-process_requires_seal
original-replay	complete_requires_all_slots_processed	none	0	success	0	0	49152	0	proofs/original-replay/complete_requires_all_slots_processed.out	kwaay-m4-116159-110-original-replay-complete_requires_all_slots_processed
original-replay	no_add_after_seal	none	0	success	0	0	49152	0	proofs/original-replay/no_add_after_seal.out	kwaay-m4-116159-111-original-replay-no_add_after_seal
original-replay	no_accept_after_close	none	0	success	0	0	49152	0	proofs/original-replay/no_accept_after_close.out	kwaay-m4-116159-112-original-replay-no_accept_after_close
original-replay	batch_complete_consumes_state	none	0	success	0	0	49152	0	proofs/original-replay/batch_complete_consumes_state.out	kwaay-m4-116159-113-original-replay-batch_complete_consumes_state
original-replay	batch_fail_consumes_state	none	0	success	0	0	49152	0	proofs/original-replay/batch_fail_consumes_state.out	kwaay-m4-116159-114-original-replay-batch_fail_consumes_state
original-replay	batch_end_token_single_use	none	0	success	0	0	49152	0	proofs/original-replay/batch_end_token_single_use.out	kwaay-m4-116159-115-original-replay-batch_end_token_single_use
original-replay	receiver_state_single_batch	none	0	success	0	0	49152	0	proofs/original-replay/receiver_state_single_batch.out	kwaay-m4-116159-116-original-replay-receiver_state_single_batch
original-replay	receiver_state_single_batch_end	none	0	success	0	0	49152	0	proofs/original-replay/receiver_state_single_batch_end.out	kwaay-m4-116159-117-original-replay-receiver_state_single_batch_end
hmac-replay	normal_confirmed_single_accept	none	0	success	0	0	49152	0	proofs/hmac-replay/normal_confirmed_single_accept.out	kwaay-m4-116159-118-hmac-replay-normal_confirmed_single_accept
hmac-replay	normal_confirmed_batch_complete	none	0	success	0	0	49152	0	proofs/hmac-replay/normal_confirmed_batch_complete.out	kwaay-m4-116159-119-hmac-replay-normal_confirmed_batch_complete
hmac-replay	confirmed_receiver_accept_has_sender	none	0	success	0	0	49152	0	proofs/hmac-replay/confirmed_receiver_accept_has_sender.out	kwaay-m4-116159-120-hmac-replay-confirmed_receiver_accept_has_sender
hmac-replay	confirmed_message_unique_send	none	0	success	0	0	49152	0	proofs/hmac-replay/confirmed_message_unique_send.out	kwaay-m4-116159-121-hmac-replay-confirmed_message_unique_send
hmac-replay	one_confirmed_send_two_accepts_exists	none	0	success	0	0	49152	0	proofs/hmac-replay/one_confirmed_send_two_accepts_exists.out	kwaay-m4-116159-122-hmac-replay-one_confirmed_send_two_accepts_exists
hmac-replay	confirmed_message_accepted_at_most_once	none	0	success	0	0	49152	0	proofs/hmac-replay/confirmed_message_accepted_at_most_once.out	kwaay-m4-116159-123-hmac-replay-confirmed_message_accepted_at_most_once
hmac-replay	injective_confirmed_receiver_accept	none	0	success	0	0	49152	0	proofs/hmac-replay/injective_confirmed_receiver_accept.out	kwaay-m4-116159-124-hmac-replay-injective_confirmed_receiver_accept
hmac-replay	slot_indices_distinct	none	0	success	0	0	49152	0	proofs/hmac-replay/slot_indices_distinct.out	kwaay-m4-116159-125-hmac-replay-slot_indices_distinct
hmac-replay	process_requires_slot_added	none	0	success	0	0	49152	0	proofs/hmac-replay/process_requires_slot_added.out	kwaay-m4-116159-126-hmac-replay-process_requires_slot_added
hmac-replay	process_requires_seal	none	0	success	0	0	49152	0	proofs/hmac-replay/process_requires_seal.out	kwaay-m4-116159-127-hmac-replay-process_requires_seal
hmac-replay	complete_requires_all_slots_processed	none	0	success	0	0	49152	0	proofs/hmac-replay/complete_requires_all_slots_processed.out	kwaay-m4-116159-128-hmac-replay-complete_requires_all_slots_processed
hmac-replay	no_add_after_seal	none	0	success	0	0	49152	0	proofs/hmac-replay/no_add_after_seal.out	kwaay-m4-116159-129-hmac-replay-no_add_after_seal
hmac-replay	no_accept_after_close	none	0	success	0	0	49152	0	proofs/hmac-replay/no_accept_after_close.out	kwaay-m4-116159-130-hmac-replay-no_accept_after_close
hmac-replay	batch_complete_consumes_state	none	0	success	0	0	49152	0	proofs/hmac-replay/batch_complete_consumes_state.out	kwaay-m4-116159-131-hmac-replay-batch_complete_consumes_state
hmac-replay	batch_fail_consumes_state	none	0	success	0	0	49152	0	proofs/hmac-replay/batch_fail_consumes_state.out	kwaay-m4-116159-132-hmac-replay-batch_fail_consumes_state
hmac-replay	batch_end_token_single_use	none	0	success	0	0	49152	0	proofs/hmac-replay/batch_end_token_single_use.out	kwaay-m4-116159-133-hmac-replay-batch_end_token_single_use
hmac-replay	receiver_state_single_batch	none	0	success	0	0	49152	0	proofs/hmac-replay/receiver_state_single_batch.out	kwaay-m4-116159-134-hmac-replay-receiver_state_single_batch
hmac-replay	receiver_state_single_batch_end	none	0	success	0	0	49152	0	proofs/hmac-replay/receiver_state_single_batch_end.out	kwaay-m4-116159-135-hmac-replay-receiver_state_single_batch_end
original-impact	accept_output_has_same_time_accept	none	0	success	0	0	49152	0	proofs/original-impact/accept_output_has_same_time_accept.out	kwaay-m4-116159-136-original-impact-accept_output_has_same_time_accept
original-impact	receiver_accept_has_output	none	0	success	0	0	49152	0	proofs/original-impact/receiver_accept_has_output.out	kwaay-m4-116159-137-original-impact-receiver_accept_has_output
original-impact	receiver_accept_has_unique_output	none	0	success	0	0	49152	0	proofs/original-impact/receiver_accept_has_unique_output.out	kwaay-m4-116159-138-original-impact-receiver_accept_has_unique_output
original-impact	accept_id_unique	none	0	success	0	0	49152	0	proofs/original-impact/accept_id_unique.out	kwaay-m4-116159-139-original-impact-accept_id_unique
original-impact	install_has_prior_accept	none	0	success	0	0	49152	0	proofs/original-impact/install_has_prior_accept.out	kwaay-m4-116159-140-original-impact-install_has_prior_accept
original-impact	install_session_has_interface_origin	none	0	success	0	0	49152	0	proofs/original-impact/install_session_has_interface_origin.out	kwaay-m4-116159-141-original-impact-install_session_has_interface_origin
original-impact	install_from_accept_has_session	none	0	success	0	0	49152	0	proofs/original-impact/install_from_accept_has_session.out	kwaay-m4-116159-142-original-impact-install_from_accept_has_session
original-impact	install_event_has_single_source	none	0	success	0	0	49152	0	proofs/original-impact/install_event_has_single_source.out	kwaay-m4-116159-143-original-impact-install_event_has_single_source
original-impact	install_handle_unique	none	0	success	0	0	49152	0	proofs/original-impact/install_handle_unique.out	kwaay-m4-116159-144-original-impact-install_handle_unique
original-impact	accept_output_installed_at_most_once	none	0	success	0	0	49152	0	proofs/original-impact/accept_output_installed_at_most_once.out	kwaay-m4-116159-145-original-impact-accept_output_installed_at_most_once
original-impact	distinct_accept_sources_have_distinct_handles	none	0	success	0	0	49152	0	proofs/original-impact/distinct_accept_sources_have_distinct_handles.out	kwaay-m4-116159-146-original-impact-distinct_accept_sources_have_distinct_handles
original-impact	install_requires_batch_complete	none	0	success	0	0	49152	0	proofs/original-impact/install_requires_batch_complete.out	kwaay-m4-116159-147-original-impact-install_requires_batch_complete
original-impact	consumer_complete_requires_all_outputs_installed	none	0	success	0	0	49152	0	proofs/original-impact/consumer_complete_requires_all_outputs_installed.out	kwaay-m4-116159-148-original-impact-consumer_complete_requires_all_outputs_installed
original-impact	consumer_complete_single_use	none	0	success	0	0	49152	0	proofs/original-impact/consumer_complete_single_use.out	kwaay-m4-116159-149-original-impact-consumer_complete_single_use
original-impact	no_install_after_consumer_close	none	0	success	0	0	49152	0	proofs/original-impact/no_install_after_consumer_close.out	kwaay-m4-116159-150-original-impact-no_install_after_consumer_close
original-impact	normal_one_accept_one_install	none	0	success	0	0	49152	0	proofs/original-impact/normal_one_accept_one_install.out	kwaay-m4-116159-151-original-impact-normal_one_accept_one_install
original-impact	normal_consumer_complete	none	0	success	0	0	49152	0	proofs/original-impact/normal_consumer_complete.out	kwaay-m4-116159-152-original-impact-normal_consumer_complete
original-impact	one_send_two_accepts_two_installs_exists	none	0	success	0	0	49152	0	proofs/original-impact/one_send_two_accepts_two_installs_exists.out	kwaay-m4-116159-153-original-impact-one_send_two_accepts_two_installs_exists
original-impact	unique_install_within_completed_consumer	none	0	success	0	0	49152	0	proofs/original-impact/unique_install_within_completed_consumer.out	kwaay-m4-116159-154-original-impact-unique_install_within_completed_consumer
original-impact	normal_single_accept	none	0	success	0	0	49152	0	proofs/original-impact/normal_single_accept.out	kwaay-m4-116159-155-original-impact-normal_single_accept
original-impact	normal_batch_complete	none	0	success	0	0	49152	0	proofs/original-impact/normal_batch_complete.out	kwaay-m4-116159-156-original-impact-normal_batch_complete
original-impact	one_send_two_accepts_exists	none	0	success	0	0	49152	0	proofs/original-impact/one_send_two_accepts_exists.out	kwaay-m4-116159-157-original-impact-one_send_two_accepts_exists
original-impact	same_message_accepted_at_most_once	none	0	success	0	0	49152	0	proofs/original-impact/same_message_accepted_at_most_once.out	kwaay-m4-116159-158-original-impact-same_message_accepted_at_most_once
original-impact	full_message_unique_send	none	0	success	0	0	49152	0	proofs/original-impact/full_message_unique_send.out	kwaay-m4-116159-159-original-impact-full_message_unique_send
original-impact	receiver_accept_has_sender	none	0	success	0	0	49152	0	proofs/original-impact/receiver_accept_has_sender.out	kwaay-m4-116159-160-original-impact-receiver_accept_has_sender
original-impact	injective_receiver_accept	none	0	success	0	0	49152	0	proofs/original-impact/injective_receiver_accept.out	kwaay-m4-116159-161-original-impact-injective_receiver_accept
original-impact	slot_indices_distinct	none	0	success	0	0	49152	0	proofs/original-impact/slot_indices_distinct.out	kwaay-m4-116159-162-original-impact-slot_indices_distinct
original-impact	process_requires_slot_added	none	0	success	0	0	49152	0	proofs/original-impact/process_requires_slot_added.out	kwaay-m4-116159-163-original-impact-process_requires_slot_added
original-impact	process_requires_seal	none	0	success	0	0	49152	0	proofs/original-impact/process_requires_seal.out	kwaay-m4-116159-164-original-impact-process_requires_seal
original-impact	complete_requires_all_slots_processed	none	0	success	0	0	49152	0	proofs/original-impact/complete_requires_all_slots_processed.out	kwaay-m4-116159-165-original-impact-complete_requires_all_slots_processed
original-impact	no_add_after_seal	none	0	success	0	0	49152	0	proofs/original-impact/no_add_after_seal.out	kwaay-m4-116159-166-original-impact-no_add_after_seal
original-impact	no_accept_after_close	none	0	success	0	0	49152	0	proofs/original-impact/no_accept_after_close.out	kwaay-m4-116159-167-original-impact-no_accept_after_close
original-impact	batch_complete_consumes_state	none	0	success	0	0	49152	0	proofs/original-impact/batch_complete_consumes_state.out	kwaay-m4-116159-168-original-impact-batch_complete_consumes_state
original-impact	batch_fail_consumes_state	none	0	success	0	0	49152	0	proofs/original-impact/batch_fail_consumes_state.out	kwaay-m4-116159-169-original-impact-batch_fail_consumes_state
original-impact	batch_end_token_single_use	none	0	success	0	0	49152	0	proofs/original-impact/batch_end_token_single_use.out	kwaay-m4-116159-170-original-impact-batch_end_token_single_use
original-impact	receiver_state_single_batch	none	0	success	0	0	49152	0	proofs/original-impact/receiver_state_single_batch.out	kwaay-m4-116159-171-original-impact-receiver_state_single_batch
original-impact	receiver_state_single_batch_end	none	0	success	0	0	49152	0	proofs/original-impact/receiver_state_single_batch_end.out	kwaay-m4-116159-172-original-impact-receiver_state_single_batch_end
fixed-replay	normal_single_accept	none	0	success	0	0	49152	0	proofs/fixed-replay/normal_single_accept.out	kwaay-m4-116159-173-fixed-replay-normal_single_accept
fixed-replay	normal_batch_complete	none	0	success	0	0	49152	0	proofs/fixed-replay/normal_batch_complete.out	kwaay-m4-116159-174-fixed-replay-normal_batch_complete
fixed-replay	one_send_two_accepts_exists	none	0	success	0	0	49152	0	proofs/fixed-replay/one_send_two_accepts_exists.out	kwaay-m4-116159-175-fixed-replay-one_send_two_accepts_exists
fixed-replay	same_message_accepted_at_most_once	none	0	success	0	0	49152	0	proofs/fixed-replay/same_message_accepted_at_most_once.out	kwaay-m4-116159-176-fixed-replay-same_message_accepted_at_most_once
fixed-replay	full_message_unique_send	none	0	success	0	0	49152	0	proofs/fixed-replay/full_message_unique_send.out	kwaay-m4-116159-177-fixed-replay-full_message_unique_send
fixed-replay	receiver_accept_has_sender	none	0	success	0	0	49152	0	proofs/fixed-replay/receiver_accept_has_sender.out	kwaay-m4-116159-178-fixed-replay-receiver_accept_has_sender
fixed-replay	injective_receiver_accept	none	0	success	0	0	49152	0	proofs/fixed-replay/injective_receiver_accept.out	kwaay-m4-116159-179-fixed-replay-injective_receiver_accept
fixed-replay	slot_indices_distinct	none	0	success	0	0	49152	0	proofs/fixed-replay/slot_indices_distinct.out	kwaay-m4-116159-180-fixed-replay-slot_indices_distinct
fixed-replay	process_requires_slot_added	none	0	success	0	0	49152	0	proofs/fixed-replay/process_requires_slot_added.out	kwaay-m4-116159-181-fixed-replay-process_requires_slot_added
fixed-replay	process_requires_seal	none	0	success	0	0	49152	0	proofs/fixed-replay/process_requires_seal.out	kwaay-m4-116159-182-fixed-replay-process_requires_seal
fixed-replay	complete_requires_all_slots_processed	none	0	success	0	0	49152	0	proofs/fixed-replay/complete_requires_all_slots_processed.out	kwaay-m4-116159-183-fixed-replay-complete_requires_all_slots_processed
fixed-replay	no_add_after_seal	none	0	success	0	0	49152	0	proofs/fixed-replay/no_add_after_seal.out	kwaay-m4-116159-184-fixed-replay-no_add_after_seal
fixed-replay	no_accept_after_close	none	0	success	0	0	49152	0	proofs/fixed-replay/no_accept_after_close.out	kwaay-m4-116159-185-fixed-replay-no_accept_after_close
fixed-replay	batch_complete_consumes_state	none	0	success	0	0	49152	0	proofs/fixed-replay/batch_complete_consumes_state.out	kwaay-m4-116159-186-fixed-replay-batch_complete_consumes_state
fixed-replay	batch_fail_consumes_state	none	0	success	0	0	49152	0	proofs/fixed-replay/batch_fail_consumes_state.out	kwaay-m4-116159-187-fixed-replay-batch_fail_consumes_state
fixed-replay	batch_end_token_single_use	none	0	success	0	0	49152	0	proofs/fixed-replay/batch_end_token_single_use.out	kwaay-m4-116159-188-fixed-replay-batch_end_token_single_use
fixed-replay	receiver_state_single_batch	none	0	success	0	0	49152	0	proofs/fixed-replay/receiver_state_single_batch.out	kwaay-m4-116159-189-fixed-replay-receiver_state_single_batch
fixed-replay	receiver_state_single_batch_end	none	0	success	0	0	49152	0	proofs/fixed-replay/receiver_state_single_batch_end.out	kwaay-m4-116159-190-fixed-replay-receiver_state_single_batch_end
fixed-replay	duplicate_batch_fail_exists	none	0	success	0	0	49152	0	proofs/fixed-replay/duplicate_batch_fail_exists.out	kwaay-m4-116159-191-fixed-replay-duplicate_batch_fail_exists
fixed-replay	duplicate_detected_before_any_accept	none	0	success	0	0	49152	0	proofs/fixed-replay/duplicate_detected_before_any_accept.out	kwaay-m4-116159-192-fixed-replay-duplicate_detected_before_any_accept
fixed-replay	duplicate_batch_has_no_accept	none	0	success	0	0	49152	0	proofs/fixed-replay/duplicate_batch_has_no_accept.out	kwaay-m4-116159-193-fixed-replay-duplicate_batch_has_no_accept
fixed-replay	process_requires_dedup_pass	none	0	success	0	0	49152	0	proofs/fixed-replay/process_requires_dedup_pass.out	kwaay-m4-116159-194-fixed-replay-process_requires_dedup_pass
fixed-replay	dedup_pass_messages_distinct	none	0	success	0	0	49152	0	proofs/fixed-replay/dedup_pass_messages_distinct.out	kwaay-m4-116159-195-fixed-replay-dedup_pass_messages_distinct
fixed-replay	dedup_decision_single_use	none	0	success	0	0	49152	0	proofs/fixed-replay/dedup_decision_single_use.out	kwaay-m4-116159-196-fixed-replay-dedup_decision_single_use
fixed-replay	dedup_outcomes_exclusive	none	0	success	0	0	49152	0	proofs/fixed-replay/dedup_outcomes_exclusive.out	kwaay-m4-116159-197-fixed-replay-dedup_outcomes_exclusive
fixed-replay	normal_distinct_batch_complete	none	0	success	0	0	49152	0	proofs/fixed-replay/normal_distinct_batch_complete.out	kwaay-m4-116159-198-fixed-replay-normal_distinct_batch_complete
fixed-replay	normal_distinct_fail_slot1_exists	none	0	success	0	0	49152	0	proofs/fixed-replay/normal_distinct_fail_slot1_exists.out	kwaay-m4-116159-199-fixed-replay-normal_distinct_fail_slot1_exists
fixed-replay	normal_distinct_fail_slot2_exists	none	0	success	0	0	49152	0	proofs/fixed-replay/normal_distinct_fail_slot2_exists.out	kwaay-m4-116159-200-fixed-replay-normal_distinct_fail_slot2_exists
fixed-replay	batch_fail_complete_exclusive	none	0	success	0	0	49152	0	proofs/fixed-replay/batch_fail_complete_exclusive.out	kwaay-m4-116159-201-fixed-replay-batch_fail_complete_exclusive
fixed-replay	state_consumed_on_duplicate_fail	none	0	success	0	0	49152	0	proofs/fixed-replay/state_consumed_on_duplicate_fail.out	kwaay-m4-116159-202-fixed-replay-state_consumed_on_duplicate_fail
fixed-impact	accept_output_has_same_time_accept	none	0	success	0	0	49152	0	proofs/fixed-impact/accept_output_has_same_time_accept.out	kwaay-m4-116159-203-fixed-impact-accept_output_has_same_time_accept
fixed-impact	receiver_accept_has_output	none	0	success	0	0	49152	0	proofs/fixed-impact/receiver_accept_has_output.out	kwaay-m4-116159-204-fixed-impact-receiver_accept_has_output
fixed-impact	receiver_accept_has_unique_output	none	0	success	0	0	49152	0	proofs/fixed-impact/receiver_accept_has_unique_output.out	kwaay-m4-116159-205-fixed-impact-receiver_accept_has_unique_output
fixed-impact	accept_id_unique	none	0	success	0	0	49152	0	proofs/fixed-impact/accept_id_unique.out	kwaay-m4-116159-206-fixed-impact-accept_id_unique
fixed-impact	install_has_prior_accept	none	0	success	0	0	49152	0	proofs/fixed-impact/install_has_prior_accept.out	kwaay-m4-116159-207-fixed-impact-install_has_prior_accept
fixed-impact	install_session_has_interface_origin	none	0	success	0	0	49152	0	proofs/fixed-impact/install_session_has_interface_origin.out	kwaay-m4-116159-208-fixed-impact-install_session_has_interface_origin
fixed-impact	install_from_accept_has_session	none	0	success	0	0	49152	0	proofs/fixed-impact/install_from_accept_has_session.out	kwaay-m4-116159-209-fixed-impact-install_from_accept_has_session
fixed-impact	install_event_has_single_source	none	0	success	0	0	49152	0	proofs/fixed-impact/install_event_has_single_source.out	kwaay-m4-116159-210-fixed-impact-install_event_has_single_source
fixed-impact	install_handle_unique	none	0	success	0	0	49152	0	proofs/fixed-impact/install_handle_unique.out	kwaay-m4-116159-211-fixed-impact-install_handle_unique
fixed-impact	accept_output_installed_at_most_once	none	0	success	0	0	49152	0	proofs/fixed-impact/accept_output_installed_at_most_once.out	kwaay-m4-116159-212-fixed-impact-accept_output_installed_at_most_once
fixed-impact	distinct_accept_sources_have_distinct_handles	none	0	success	0	0	49152	0	proofs/fixed-impact/distinct_accept_sources_have_distinct_handles.out	kwaay-m4-116159-213-fixed-impact-distinct_accept_sources_have_distinct_handles
fixed-impact	install_requires_batch_complete	none	0	success	0	0	49152	0	proofs/fixed-impact/install_requires_batch_complete.out	kwaay-m4-116159-214-fixed-impact-install_requires_batch_complete
fixed-impact	consumer_complete_requires_all_outputs_installed	none	0	success	0	0	49152	0	proofs/fixed-impact/consumer_complete_requires_all_outputs_installed.out	kwaay-m4-116159-215-fixed-impact-consumer_complete_requires_all_outputs_installed
fixed-impact	consumer_complete_single_use	none	0	success	0	0	49152	0	proofs/fixed-impact/consumer_complete_single_use.out	kwaay-m4-116159-216-fixed-impact-consumer_complete_single_use
fixed-impact	no_install_after_consumer_close	none	0	success	0	0	49152	0	proofs/fixed-impact/no_install_after_consumer_close.out	kwaay-m4-116159-217-fixed-impact-no_install_after_consumer_close
fixed-impact	normal_one_accept_one_install	none	0	success	0	0	49152	0	proofs/fixed-impact/normal_one_accept_one_install.out	kwaay-m4-116159-218-fixed-impact-normal_one_accept_one_install
fixed-impact	normal_consumer_complete	none	0	success	0	0	49152	0	proofs/fixed-impact/normal_consumer_complete.out	kwaay-m4-116159-219-fixed-impact-normal_consumer_complete
fixed-impact	one_send_two_accepts_two_installs_exists	none	0	success	0	0	49152	0	proofs/fixed-impact/one_send_two_accepts_two_installs_exists.out	kwaay-m4-116159-220-fixed-impact-one_send_two_accepts_two_installs_exists
fixed-impact	unique_install_within_completed_consumer	none	0	success	0	0	49152	0	proofs/fixed-impact/unique_install_within_completed_consumer.out	kwaay-m4-116159-221-fixed-impact-unique_install_within_completed_consumer
fixed-impact	normal_single_accept	none	0	success	0	0	49152	0	proofs/fixed-impact/normal_single_accept.out	kwaay-m4-116159-222-fixed-impact-normal_single_accept
fixed-impact	normal_batch_complete	none	0	success	0	0	49152	0	proofs/fixed-impact/normal_batch_complete.out	kwaay-m4-116159-223-fixed-impact-normal_batch_complete
fixed-impact	one_send_two_accepts_exists	none	0	success	0	0	49152	0	proofs/fixed-impact/one_send_two_accepts_exists.out	kwaay-m4-116159-224-fixed-impact-one_send_two_accepts_exists
fixed-impact	same_message_accepted_at_most_once	none	0	success	0	0	49152	0	proofs/fixed-impact/same_message_accepted_at_most_once.out	kwaay-m4-116159-225-fixed-impact-same_message_accepted_at_most_once
fixed-impact	full_message_unique_send	none	0	success	0	0	49152	0	proofs/fixed-impact/full_message_unique_send.out	kwaay-m4-116159-226-fixed-impact-full_message_unique_send
fixed-impact	receiver_accept_has_sender	none	0	success	0	0	49152	0	proofs/fixed-impact/receiver_accept_has_sender.out	kwaay-m4-116159-227-fixed-impact-receiver_accept_has_sender
fixed-impact	injective_receiver_accept	none	0	success	0	0	49152	0	proofs/fixed-impact/injective_receiver_accept.out	kwaay-m4-116159-228-fixed-impact-injective_receiver_accept
fixed-impact	slot_indices_distinct	none	0	success	0	0	49152	0	proofs/fixed-impact/slot_indices_distinct.out	kwaay-m4-116159-229-fixed-impact-slot_indices_distinct
fixed-impact	process_requires_slot_added	none	0	success	0	0	49152	0	proofs/fixed-impact/process_requires_slot_added.out	kwaay-m4-116159-230-fixed-impact-process_requires_slot_added
fixed-impact	process_requires_seal	none	0	success	0	0	49152	0	proofs/fixed-impact/process_requires_seal.out	kwaay-m4-116159-231-fixed-impact-process_requires_seal
fixed-impact	complete_requires_all_slots_processed	none	0	success	0	0	49152	0	proofs/fixed-impact/complete_requires_all_slots_processed.out	kwaay-m4-116159-232-fixed-impact-complete_requires_all_slots_processed
fixed-impact	no_add_after_seal	none	0	success	0	0	49152	0	proofs/fixed-impact/no_add_after_seal.out	kwaay-m4-116159-233-fixed-impact-no_add_after_seal
fixed-impact	no_accept_after_close	none	0	success	0	0	49152	0	proofs/fixed-impact/no_accept_after_close.out	kwaay-m4-116159-234-fixed-impact-no_accept_after_close
fixed-impact	batch_complete_consumes_state	none	0	success	0	0	49152	0	proofs/fixed-impact/batch_complete_consumes_state.out	kwaay-m4-116159-235-fixed-impact-batch_complete_consumes_state
fixed-impact	batch_fail_consumes_state	none	0	success	0	0	49152	0	proofs/fixed-impact/batch_fail_consumes_state.out	kwaay-m4-116159-236-fixed-impact-batch_fail_consumes_state
fixed-impact	batch_end_token_single_use	none	0	success	0	0	49152	0	proofs/fixed-impact/batch_end_token_single_use.out	kwaay-m4-116159-237-fixed-impact-batch_end_token_single_use
fixed-impact	receiver_state_single_batch	none	0	success	0	0	49152	0	proofs/fixed-impact/receiver_state_single_batch.out	kwaay-m4-116159-238-fixed-impact-receiver_state_single_batch
fixed-impact	receiver_state_single_batch_end	none	0	success	0	0	49152	0	proofs/fixed-impact/receiver_state_single_batch_end.out	kwaay-m4-116159-239-fixed-impact-receiver_state_single_batch_end
fixed-impact	duplicate_batch_fail_exists	none	0	success	0	0	49152	0	proofs/fixed-impact/duplicate_batch_fail_exists.out	kwaay-m4-116159-240-fixed-impact-duplicate_batch_fail_exists
fixed-impact	duplicate_detected_before_any_accept	none	0	success	0	0	49152	0	proofs/fixed-impact/duplicate_detected_before_any_accept.out	kwaay-m4-116159-241-fixed-impact-duplicate_detected_before_any_accept
fixed-impact	duplicate_batch_has_no_accept	none	0	success	0	0	49152	0	proofs/fixed-impact/duplicate_batch_has_no_accept.out	kwaay-m4-116159-242-fixed-impact-duplicate_batch_has_no_accept
fixed-impact	duplicate_batch_has_no_accept_output	none	0	success	0	0	49152	0	proofs/fixed-impact/duplicate_batch_has_no_accept_output.out	kwaay-m4-116159-243-fixed-impact-duplicate_batch_has_no_accept_output
fixed-impact	duplicate_batch_has_no_install	none	0	success	0	0	49152	0	proofs/fixed-impact/duplicate_batch_has_no_install.out	kwaay-m4-116159-244-fixed-impact-duplicate_batch_has_no_install
fixed-impact	process_requires_dedup_pass	none	0	success	0	0	49152	0	proofs/fixed-impact/process_requires_dedup_pass.out	kwaay-m4-116159-245-fixed-impact-process_requires_dedup_pass
fixed-impact	dedup_pass_messages_distinct	none	0	success	0	0	49152	0	proofs/fixed-impact/dedup_pass_messages_distinct.out	kwaay-m4-116159-246-fixed-impact-dedup_pass_messages_distinct
fixed-impact	dedup_decision_single_use	none	0	success	0	0	49152	0	proofs/fixed-impact/dedup_decision_single_use.out	kwaay-m4-116159-247-fixed-impact-dedup_decision_single_use
fixed-impact	dedup_outcomes_exclusive	none	0	success	0	0	49152	0	proofs/fixed-impact/dedup_outcomes_exclusive.out	kwaay-m4-116159-248-fixed-impact-dedup_outcomes_exclusive
fixed-impact	normal_distinct_batch_complete	none	0	success	0	0	49152	0	proofs/fixed-impact/normal_distinct_batch_complete.out	kwaay-m4-116159-249-fixed-impact-normal_distinct_batch_complete
fixed-impact	normal_distinct_consumer_complete	none	0	success	0	0	49152	0	proofs/fixed-impact/normal_distinct_consumer_complete.out	kwaay-m4-116159-250-fixed-impact-normal_distinct_consumer_complete
fixed-impact	normal_distinct_fail_slot1_exists	none	0	success	0	0	49152	0	proofs/fixed-impact/normal_distinct_fail_slot1_exists.out	kwaay-m4-116159-251-fixed-impact-normal_distinct_fail_slot1_exists
fixed-impact	normal_distinct_fail_slot2_exists	none	0	success	0	0	49152	0	proofs/fixed-impact/normal_distinct_fail_slot2_exists.out	kwaay-m4-116159-252-fixed-impact-normal_distinct_fail_slot2_exists
fixed-impact	batch_fail_complete_exclusive	none	0	success	0	0	49152	0	proofs/fixed-impact/batch_fail_complete_exclusive.out	kwaay-m4-116159-253-fixed-impact-batch_fail_complete_exclusive
fixed-impact	state_consumed_on_duplicate_fail	none	0	success	0	0	49152	0	proofs/fixed-impact/state_consumed_on_duplicate_fail.out	kwaay-m4-116159-254-fixed-impact-state_consumed_on_duplicate_fail
fixed-impact	no_consumer_after_failed_batch	none	0	success	0	0	49152	0	proofs/fixed-impact/no_consumer_after_failed_batch.out	kwaay-m4-116159-255-fixed-impact-no_consumer_after_failed_batch
v6	executable_add_slot	none	0	success	0	0	49152	0	proofs/v6/executable_add_slot.out	kwaay-m4-116159-256-v6-executable_add_slot
v6	executable_seal_batch	none	0	success	0	0	49152	0	proofs/v6/executable_seal_batch.out	kwaay-m4-116159-257-v6-executable_seal_batch
v6	executable_process_slot	none	0	success	0	0	49152	0	proofs/v6/executable_process_slot.out	kwaay-m4-116159-258-v6-executable_process_slot
v6	executable_batch_complete	none	0	success	0	0	49152	0	proofs/v6/executable_batch_complete.out	kwaay-m4-116159-259-v6-executable_batch_complete
v6	executable_batch_fail	none	0	success	0	0	49152	0	proofs/v6/executable_batch_fail.out	kwaay-m4-116159-260-v6-executable_batch_fail
v6	process_requires_slot_added	none	0	success	0	0	49152	0	proofs/v6/process_requires_slot_added.out	kwaay-m4-116159-261-v6-process_requires_slot_added
v6	process_requires_seal	none	0	success	0	0	49152	0	proofs/v6/process_requires_seal.out	kwaay-m4-116159-262-v6-process_requires_seal
v6	complete_requires_seal	none	0	success	0	0	49152	0	proofs/v6/complete_requires_seal.out	kwaay-m4-116159-263-v6-complete_requires_seal
v6	fail_requires_seal	none	0	success	0	0	49152	0	proofs/v6/fail_requires_seal.out	kwaay-m4-116159-264-v6-fail_requires_seal
v6	batch_complete_consumes_state	none	0	success	0	0	49152	0	proofs/v6/batch_complete_consumes_state.out	kwaay-m4-116159-265-v6-batch_complete_consumes_state
v6	batch_fail_consumes_state	none	0	success	0	0	49152	0	proofs/v6/batch_fail_consumes_state.out	kwaay-m4-116159-266-v6-batch_fail_consumes_state
v6	batch_end_token_single_use	none	0	success	0	0	49152	0	proofs/v6/batch_end_token_single_use.out	kwaay-m4-116159-267-v6-batch_end_token_single_use
v6	batch_fail_complete_exclusive	none	0	success	0	0	49152	0	proofs/v6/batch_fail_complete_exclusive.out	kwaay-m4-116159-268-v6-batch_fail_complete_exclusive
v6	slot_origin_without_early_compromise	none	0	success	0	0	49152	0	proofs/v6/slot_origin_without_early_compromise.out	kwaay-m4-116159-269-v6-slot_origin_without_early_compromise
v6	slot_key_known_requires_exception	none	0	success	0	0	49152	0	proofs/v6/slot_key_known_requires_exception.out	kwaay-m4-116159-270-v6-slot_key_known_requires_exception
v6	partnered_slot_key_not_attacker_known_without_early_compromise	none	0	success	0	0	49152	0	proofs/v6/partnered_slot_key_not_attacker_known_without_early_compromise.out	kwaay-m4-116159-271-v6-partnered_slot_key_not_attacker_known_without_early_compromise
v7	executable_four_slots_added	none	0	success	0	0	49152	0	proofs/v7/executable_four_slots_added.out	kwaay-m4-116159-272-v7-executable_four_slots_added
v7	executable_seal_batch	none	0	success	0	0	49152	0	proofs/v7/executable_seal_batch.out	kwaay-m4-116159-273-v7-executable_seal_batch
v7	executable_four_slots_processed	none	0	success	0	0	49152	0	proofs/v7/executable_four_slots_processed.out	kwaay-m4-116159-274-v7-executable_four_slots_processed
v7	executable_batch_complete	none	0	success	0	0	49152	0	proofs/v7/executable_batch_complete.out	kwaay-m4-116159-275-v7-executable_batch_complete
v7	executable_batch_fail	none	0	success	0	0	49152	0	proofs/v7/executable_batch_fail.out	kwaay-m4-116159-276-v7-executable_batch_fail
v7	seal_requires_all_slots_added	none	0	success	0	0	49152	0	proofs/v7/seal_requires_all_slots_added.out	kwaay-m4-116159-277-v7-seal_requires_all_slots_added
v7	process_requires_slot_added	none	0	success	0	0	49152	0	proofs/v7/process_requires_slot_added.out	kwaay-m4-116159-278-v7-process_requires_slot_added
v7	process_requires_seal	none	0	success	0	0	49152	0	proofs/v7/process_requires_seal.out	kwaay-m4-116159-279-v7-process_requires_seal
v7	complete_requires_seal	none	0	success	0	0	49152	0	proofs/v7/complete_requires_seal.out	kwaay-m4-116159-280-v7-complete_requires_seal
v7	fail_requires_seal	none	0	success	0	0	49152	0	proofs/v7/fail_requires_seal.out	kwaay-m4-116159-281-v7-fail_requires_seal
v7	complete_requires_all_slots_done	none	0	success	0	0	49152	0	proofs/v7/complete_requires_all_slots_done.out	kwaay-m4-116159-282-v7-complete_requires_all_slots_done
v7	complete_requires_all_added_slots_processed	none	0	success	0	0	49152	0	proofs/v7/complete_requires_all_added_slots_processed.out	kwaay-m4-116159-283-v7-complete_requires_all_added_slots_processed
v7	no_add_after_seal	none	0	success	0	0	49152	0	proofs/v7/no_add_after_seal.out	kwaay-m4-116159-284-v7-no_add_after_seal
v7	no_add_after_complete	none	0	success	0	0	49152	0	proofs/v7/no_add_after_complete.out	kwaay-m4-116159-285-v7-no_add_after_complete
v7	no_add_after_fail	none	0	success	0	0	49152	0	proofs/v7/no_add_after_fail.out	kwaay-m4-116159-286-v7-no_add_after_fail
v7	no_slot_accept_after_complete	none	0	success	0	0	49152	0	proofs/v7/no_slot_accept_after_complete.out	kwaay-m4-116159-287-v7-no_slot_accept_after_complete
v7	no_slot_accept_after_fail	none	0	success	0	0	49152	0	proofs/v7/no_slot_accept_after_fail.out	kwaay-m4-116159-288-v7-no_slot_accept_after_fail
v7	no_slot_accept_after_close	none	0	success	0	0	49152	0	proofs/v7/no_slot_accept_after_close.out	kwaay-m4-116159-289-v7-no_slot_accept_after_close
v7	batch_complete_consumes_state	none	0	success	0	0	49152	0	proofs/v7/batch_complete_consumes_state.out	kwaay-m4-116159-290-v7-batch_complete_consumes_state
v7	batch_fail_consumes_state	none	0	success	0	0	49152	0	proofs/v7/batch_fail_consumes_state.out	kwaay-m4-116159-291-v7-batch_fail_consumes_state
v7	batch_end_token_single_use	none	0	success	0	0	49152	0	proofs/v7/batch_end_token_single_use.out	kwaay-m4-116159-292-v7-batch_end_token_single_use
v7	batch_fail_complete_exclusive	none	0	success	0	0	49152	0	proofs/v7/batch_fail_complete_exclusive.out	kwaay-m4-116159-293-v7-batch_fail_complete_exclusive
v7	receiver_state_single_batch_end	none	0	success	0	0	49152	0	proofs/v7/receiver_state_single_batch_end.out	kwaay-m4-116159-294-v7-receiver_state_single_batch_end
v7	slot_origin	none	0	success	0	0	49152	0	proofs/v7/slot_origin.out	kwaay-m4-116159-295-v7-slot_origin
combined-replay	duplicate_same_base_different_tag_fail_exists	none	0	success	0	0	49152	0	traces/duplicate/trace.out	kwaay-m4-116159-296-duplicate-duplicate_same_base_different_tag_fail_exists
combined-replay	normal_two_distinct_valid_confirmed_accepts_complete	none	0	success	0	0	49152	0	traces/normal-replay/trace.out	kwaay-m4-116159-296-normal-replay-normal_two_distinct_valid_confirmed_accepts_complete
combined-replay	hmac_failure_slot1_exists	none	0	success	0	0	49152	0	traces/slot1-mismatch/trace.out	kwaay-m4-116159-296-slot1-mismatch-hmac_failure_slot1_exists
combined-impact	hmac_failure_slot2_after_prior_accept_exists	none	0	success	0	0	49152	0	traces/slot2-mismatch/trace.out	kwaay-m4-116159-296-slot2-mismatch-hmac_failure_slot2_after_prior_accept_exists
combined-impact	normal_two_distinct_valid_confirmed_outputs_consumer_complete	none	0	success	0	0	49152	0	traces/normal-consumer/trace.out	kwaay-m4-116159-296-normal-consumer-normal_two_distinct_valid_confirmed_outputs_consumer_complete
