number	key	needs_confirmation	reference
1	cohngordon2020signal	false	[1] Katriel Cohn-Gordon, Cas Cremers, Benjamin Dowling, et al. A Formal Security Analysis of the Signal Messaging Protocol[J]. Journal of Cryptology, 2020, 33: 1914-1983.
2	cremers2023session	true	[2] Cas Cremers, Charlie Jacomme, Aurora Naska. Formal Analysis of Session-Handling in Secure Messaging: Lifting Security from Sessions to Conversations[C]//32nd USENIX Security Symposium, 2023: 1235-1252.
3	bhargavan2024pqxdh	true	[3] Karthikeyan Bhargavan, Charlie Jacomme, Franziskus Kiefer, et al. Formal Verification of the PQXDH Post-Quantum Key Agreement Protocol for End-to-End Secure Messaging[C]//33rd USENIX Security Symposium, 2024: 469-486.
4	collins2024kwaay	true	[4] Daniel Collins, Loïs Huguenin-Dumittan, Ngoc Khanh Nguyen, et al. K-Waay: Fast and Deniable Post-Quantum X3DH without Ring Signatures[C]//33rd USENIX Security Symposium, 2024: 433-450.
5	collins2024kwaayfull	true	[5] Daniel Collins, Loïs Huguenin-Dumittan, Ngoc Khanh Nguyen, et al. K-Waay: Fast and Deniable Post-Quantum X3DH without Ring Signatures[EB/OL]. Cryptology ePrint Archive, Paper 2024/120, 2024[2026-10-06]. https://eprint.iacr.org/2024/120.
6	lupetti2006names	true	[6] Simone Lupetti, Feike W. Dillema, Tage Stabell-Kulø. Names in Cryptographic Protocols[C]//4th International Workshop on Security in Information Systems (WOSIS 2006), 2006: 185-194.
7	lowe1997hierarchy	true	[7] Gavin Lowe. A Hierarchy of Authentication Specifications[C]//10th IEEE Computer Security Foundations Workshop, 1997: 31-43.
8	meier2013tamarin	true	[8] Simon Meier, Benedikt Schmidt, Cas Cremers, et al. The TAMARIN Prover for the Symbolic Analysis of Security Protocols[C]//CAV 2013; LNCS 8044, 2013: 696-701.
9	marlinspike2016x3dh	true	[9] Moxie Marlinspike, Trevor Perrin. The X3DH Key Agreement Protocol[EB/OL]. Signal protocol specification; Revision 1, 2016[2026-10-06]. https://signal.org/docs/specifications/x3dh/.
10	wallez2023treesync	true	[10] Théophile Wallez, Jonathan Protzenko, Benjamin Beurdouche, et al. TreeSync: Authenticated Group Management for Messaging Layer Security[C]//32nd USENIX Security Symposium, 2023: 1217-1233.
11	balbas2023administration	true	[11] David Balbás, Daniel Collins, Serge Vaudenay. Cryptographic Administration for Secure Group Messaging[C]//32nd USENIX Security Symposium, 2023: 1253-1270.
12	alwen2021modular	true	[12] Joël Alwen, Sandro Coretti, Yevgeniy Dodis, et al. Modular Design of Secure Group Messaging Protocols and the Security of MLS[C]//ACM CCS 2021, 2021: 1463-1483.
13	cremers2021healing	true	[13] Cas Cremers, Britta Hale, Konrad Kohbrok. The Complexities of Healing in Secure Group Messaging: Why Cross-Group Effects Matter[C]//30th USENIX Security Symposium, 2021: 1847-1864.
14	unger2015sok	true	[14] Nik Unger, Sergej Dechand, Joseph Bonneau, et al. SoK: Secure Messaging[C]//2015 IEEE Symposium on Security and Privacy, 2015: 232-249.
15	andova2008compositional	false	[15] Suzana Andova, Cas Cremers, Kristian Gjøsteen, et al. A Framework for Compositional Verification of Security Protocols[J]. Information and Computation, 2008, 206(2--4): 425-459.
16	ceelen2008chosenname	false	[16] Pieter Ceelen, Sjouke Mauw, Saša Radomirovic. Chosen-Name Attacks: An Overlooked Class of Type-Flaw Attacks[J]. Electronic Notes in Theoretical Computer Science, 2008, 197(2): 31-43.
17	peltonen2020misbinding	false	[17] Aleksi Peltonen, Mohit Sethi, Tuomas Aura. Formal Verification of Misbinding Attacks on Secure Device Pairing and Bootstrapping[J]. Journal of Information Security and Applications, 2020, 51: 102461.
18	thomson2021uks	true	[18] Martin Thomson, Eric Rescorla. Unknown Key-Share Attacks on Uses of TLS with the Session Description Protocol (SDP)[R/OL]. RFC Editor, RFC 8844, 2021[2026-10-06]. https://www.rfc-editor.org/rfc/rfc8844.html.
19	sattarzadeh2015injective	false	[19] B. Sattarzadeh, M. S. Fallah. Automated Type-Based Analysis of Injective Agreement in the Presence of Compromised Principals[J]. Journal of Logical and Algebraic Methods in Programming, 2015, 84(5): 576-610.
