F072C58A156499D869B101D61784EB323C496BCAF067CF279536E1323FFD10E9	D:\kwaay-formal\submissions\arocmag\word-final\backups\latex-v2-stage3-pre-polish-7c2b8a0\main.pdf
580961D4EE17C898CEE93B4922BCB3FD7C211040E51CB367D63E232A518318FC	D:\kwaay-formal\submissions\arocmag\word-final\backups\latex-v2-stage3-pre-polish-7c2b8a0\main.tex
8B967471746D987E7967608A19F620E3AEAE4770F08E8421B47C27E60833871F	D:\kwaay-formal\submissions\arocmag\word-final\backups\latex-v2-stage3-pre-polish-7c2b8a0\paper-content.tex
750C43E3193655D834F9D5D8B37843F1C9671AF9ECB6B7589963D4D61307B563	D:\kwaay-formal\submissions\arocmag\word-final\backups\latex-v2-stage3-pre-polish-7c2b8a0\sections\00-abstract.tex
AC972A882DF84C5E242D75BEE637928DA0F7552E0BC0B102F0388D21D81C3F62	D:\kwaay-formal\submissions\arocmag\word-final\backups\latex-v2-stage3-pre-polish-7c2b8a0\sections\01-introduction.tex
BE3DC0B1D0292653DBC16021CC2959B2B488B91E720E559CCEB62E745702FC45	D:\kwaay-formal\submissions\arocmag\word-final\backups\latex-v2-stage3-pre-polish-7c2b8a0\sections\02-problem.tex
962B1943E5E566B2BD64C8C8F798B3C73FEBBCE7F17899F0FDA87FB769C9D72B	D:\kwaay-formal\submissions\arocmag\word-final\backups\latex-v2-stage3-pre-polish-7c2b8a0\sections\03-formal-modeling.tex
69E4A97BB334FC855B8FDFA21DB4BAA76A9E7C16D69F2407A9533BB165F20A83	D:\kwaay-formal\submissions\arocmag\word-final\backups\latex-v2-stage3-pre-polish-7c2b8a0\sections\04-formal-analysis.tex
D1F9AA6ECE017A782129D5B4AFA10DC9D1C16289F08F0772089E0AE672A46D2A	D:\kwaay-formal\submissions\arocmag\word-final\backups\latex-v2-stage3-pre-polish-7c2b8a0\sections\05-discussion.tex
FB9A65CE59AC5AAD74D0961504CEB75BF08566D4D7AB9D87574892B9B76173A6	D:\kwaay-formal\submissions\arocmag\word-final\backups\latex-v2-stage3-pre-polish-7c2b8a0\sections\06-conclusion.tex
