source	copy	source_sha256	copy_sha256	status
manuscript/appendix/appendix.tex	appendix/appendix.tex	1ce9b8da424384f584f6ec80eeaff0c95e184a4c1e4e370bee69bdf48aa44b9e	3a3752832409a86b681957e05cf91392130e00c05c8234a0d5bac24dbc0668e9	LATEX_ONLY_ADAPTATION
manuscript/appendix/model-properties.tex	appendix/model-properties.tex	3fc81d4f9a122deb9e59cb26230ccc1b885ee1b96f3496f236bdde80a7dd6fe1	11b0e57f0bb1f36e33bfae4a01e5dc19a661bd07a2b8000d19cd6728aa695ee2	LATEX_ONLY_ADAPTATION
manuscript/appendix/reproducibility.tex	appendix/reproducibility.tex	c68454bb6ca79e855f867a7b3710508f7386fa2c2e97a45b5ad8fc49aafa951a	e932e7fb4301c75e0a9cb3aa895929af8ca6b970c4b96c618eb7a9e955c8c494	LATEX_ONLY_ADAPTATION
manuscript/appendix/trace-details.tex	appendix/trace-details.tex	5fed0d2a028f7cef1d159809105a2b8cbf1bbdef46712e8157a50193a451b617	5fed0d2a028f7cef1d159809105a2b8cbf1bbdef46712e8157a50193a451b617	BYTE_IDENTICAL
manuscript/bibliography/references.bib	bibliography/references.bib	8a0a5a75d4c0294049fbac13b4cb74907e06729729d24051733b4dc8d9e04714	8a0a5a75d4c0294049fbac13b4cb74907e06729729d24051733b4dc8d9e04714	BYTE_IDENTICAL
manuscript/figures/tikz/attack-trace.tex	figures/tikz/attack-trace.tex	ca13de9fed150d32ab3e1c60df9bdcae6dfecbc872b7ed257867013223f5b44b	71b5da6b619581ff19f5b8893258c0db7b4a02cefce92e2796378a50e28692c9	LATEX_ONLY_ADAPTATION
manuscript/figures/tikz/identity-control-comparison.tex	figures/tikz/identity-control-comparison.tex	d6d20bf17967aeb4b77e95a0cda6d1bef1593434cc0d50d02d58da85d681a083	1e4a6748530b5050215c66e13e6b3f659738dddc81ddcd093be84490b77cbb11	LATEX_ONLY_ADAPTATION
manuscript/paper-content.tex	paper-content.tex	d8b4b12f70fbdefd01d010b791a8362a9cdec3598e8c80cf0537f826506be0bc	1970acc93c865567961e1347a30102c55bc5d4f373aaa357ce5f35b731260c3f	LATEX_ONLY_ADAPTATION
manuscript/preamble/macros.tex	preamble/macros.tex	f423cef6ae134930826d3e515094794bba0d9aba8d803362ba0bf9100255e0cf	f423cef6ae134930826d3e515094794bba0d9aba8d803362ba0bf9100255e0cf	BYTE_IDENTICAL
manuscript/preamble/packages.tex	preamble/packages.tex	15041e712df2473989ac33dd7d65fbb885735c03020d5a1e95bfdff1c79289cf	15041e712df2473989ac33dd7d65fbb885735c03020d5a1e95bfdff1c79289cf	BYTE_IDENTICAL
manuscript/sections/00-abstract.tex	sections/00-abstract.tex	3b31b7fd6f13881ee22179ec29f5c72ffe15a1e3abe2dd1d173ae6b7fb591aa1	3b31b7fd6f13881ee22179ec29f5c72ffe15a1e3abe2dd1d173ae6b7fb591aa1	BYTE_IDENTICAL
manuscript/sections/01-introduction.tex	sections/01-introduction.tex	7e6fe85a47d4f41a2e10d50e4e071743d06ee4c9c615afa4ae8c59d45aed1874	7e6fe85a47d4f41a2e10d50e4e071743d06ee4c9c615afa4ae8c59d45aed1874	BYTE_IDENTICAL
manuscript/sections/02-batchreceive-identity-problem.tex	sections/02-batchreceive-identity-problem.tex	f1b97047676756171a879572eb82cfe3206392714c4fde8fb4b50880b1981a4f	d61dd2a9b8fc5e6f9b5cd88a243ec78630228b446854e621e3b0518103940b27	LATEX_ONLY_ADAPTATION
manuscript/sections/03-security-objective-threat-model.tex	sections/03-security-objective-threat-model.tex	9787c36e60f54d809668e945dc851f7dbcfb31bad7b3daed39d6be78c0e9e69f	ae430ba94f75f602cbf24527f4650912dfd261347f4ef9f31177aeeea25dfead	LATEX_ONLY_ADAPTATION
manuscript/sections/04-formal-modeling.tex	sections/04-formal-modeling.tex	0be0ac16c256b9da227f2d85a23acaa82a4d8b1d38b37db770fb0b9d7fceb2f4	9cb3587d6a755fa3125db290ed042d37dce680cddb875fbab6777be53d6ebe77	LATEX_ONLY_ADAPTATION
manuscript/sections/05-formal-analysis.tex	sections/05-formal-analysis.tex	e1522ca0387391edac4b4b7caeb36a18a70a7059c4f2103150b6a7e1886b4e39	401a3d58d4df989825d9654e4b2fb9909afb46897684c5b8d24f28fcf446b0b3	LATEX_ONLY_ADAPTATION
manuscript/sections/06-discussion.tex	sections/06-discussion.tex	30baae5a5c9998c9815a2efd80c7cc209e659cefe4460ddf2f2fc06bfa515e2d	30baae5a5c9998c9815a2efd80c7cc209e659cefe4460ddf2f2fc06bfa515e2d	BYTE_IDENTICAL
manuscript/sections/07-related-work.tex	sections/07-related-work.tex	0856a97b6ee0547a47c17c69238a916a21660f2a42fb295ae57a7da9b9b5664a	0856a97b6ee0547a47c17c69238a916a21660f2a42fb295ae57a7da9b9b5664a	BYTE_IDENTICAL
manuscript/sections/08-conclusion.tex	sections/08-conclusion.tex	e6f0c1e487309f975dfd1ab3995b836f00ffc609bdec362cfd8984b80ce29fad	e6f0c1e487309f975dfd1ab3995b836f00ffc609bdec362cfd8984b80ce29fad	BYTE_IDENTICAL
manuscript/tables/model-comparison.tex	tables/model-comparison.tex	b3345836778a3f98f2d3768bc275f6ce96421ca6ef28b34b78decae05c402741	cd95a2bdae15e44daf69f25c9db5e224e6b569ef1e994c969c94233528691aaf	LATEX_ONLY_ADAPTATION
manuscript/tables/verification-results.tex	tables/verification-results.tex	980743e4ff509c42a947182320d703fee08b901be866b58a3a7578bc8d02397f	3e6304a8108a0ebf7f60ba8c0cc4e967c82c6e057d078fe49a94f6da95c23185	LATEX_ONLY_ADAPTATION
