part	size	sha256
[Content_Types].xml	2017	87251e45f03721f154391ac0fec62b337c5d1c407035a881b04dc1c02c94500b
_rels/	0	e3b0c44298fc1c149afbf4c8996fb92427ae41e4649b934ca495991b7852b855
_rels/.rels	881	7f663eedc15e218382778b72c260c3f011c9a60f379edfa4f242efafdc3cf08b
docProps/	0	e3b0c44298fc1c149afbf4c8996fb92427ae41e4649b934ca495991b7852b855
docProps/app.xml	656	0309b0f11664214582542e0bb600b137639e521dc4f3e3c9efaaaa2a420e4d7b
docProps/core.xml	737	270cdaa5dcc4d59b65b040eb0ff07fa02de48f58ab1d19f63e6d84164bcf94cf
docProps/custom.xml	866	c6a032f8719a9231a470f2d2fdc74ad30f40c17e8f81c50bd1d5e2d5eeb9faa3
docProps/thumbnail.wmf	378296	608c7302816e5f526b2d5e555e7b6ce363bdba05a6773ae08e8243ea664d6191
word/	0	e3b0c44298fc1c149afbf4c8996fb92427ae41e4649b934ca495991b7852b855
word/_rels/	0	e3b0c44298fc1c149afbf4c8996fb92427ae41e4649b934ca495991b7852b855
word/_rels/document.xml.rels	1887	3790aa828cfea3b09257c4a331805840c6874803cba1fab22ddf454432a610f1
word/document.xml	74130	62462d8075c63dddde7db0a756ff000650f6db40d73ce806468f9f259aff0048
word/embeddings/	0	e3b0c44298fc1c149afbf4c8996fb92427ae41e4649b934ca495991b7852b855
word/embeddings/oleObject1.bin	3584	45422d8c15aa734c16d6554013f46748c0f39dc71b94a814b579d6b20b50d685
word/embeddings/oleObject2.bin	4096	15a5beddfc41679cbb5328a13a8bfb214a11cfcf49be05d04a32398d9a24b1ee
word/fontTable.xml	4183	23cec4af4751e5dcff444c49f907c4d776f8e2ae305bebcdbb12fd746f6f1371
word/footer1.xml	5507	f6b4d7e5ad7e81bdda9dad1488ca335874533e2b3ec5e036d9d5962c864ca904
word/header1.xml	1699	bc373bc5a84015eae32edb0b35013cffea0a41a2e1ca3362d7a26d43f8a9d88e
word/header2.xml	2028	120dbf9df1dfebedfb53b4932ef869a065c847a16702be2536ea93016bee8834
word/media/	0	e3b0c44298fc1c149afbf4c8996fb92427ae41e4649b934ca495991b7852b855
word/media/image1.wmf	1890	a12d91c8f0b168e8a815a97c2c3f78b982110b20c4b3145f78474ed269347eb8
word/media/image2.wmf	4330	5b9e23fa837225083d1a9840f6b7e33ca6213079b43761f6142d7c2eefb6a6b6
word/media/image3.emf	66000	02c92b8de28a538de64cc221c1a4ed325dbe535f62e46b358f1e08ef71ff9e7d
word/numbering.xml	6586	cb61a488ea49db03aa38f3ee74fda9436230f5e08e4c0a3a48cf7dd7ca6854be
word/settings.xml	30243	17567f3d76b9d35bf70621d24d49d280cc4a6db9479e67180733a500e2c81545
word/styles.xml	47818	cbab79265edda9db335ce5e1e7ff9be204612f198bf1048d5ec10e19e293ae36
word/theme/	0	e3b0c44298fc1c149afbf4c8996fb92427ae41e4649b934ca495991b7852b855
word/theme/theme1.xml	7046	bea0a0590dea0ed9e97fa4391c1b7980640249387153014388eaaa628837b32c
