local_path	bytes	sha256
notes/__pycache__/acquire_sources.cpython-312.pyc	6890	e700cc45227b28d7c8087c4631cb0eb60db0ac245709f7c1bc6165c3572d46b3
notes/acquire_sources.py	3360	9f4845ec3a08029ba4c99c1b0cbff3026a6c8f65491b458468e3ef8c077a0d10
notes/AROCMAG_SETUP_REPORT.md	16180	07825e351946708c6e2ff3d021357af626bc81d3859de67127072ff521aa74de
notes/audit_word.ps1	1058	606ae8c488d39f0bc9407a1f661f8bd9f65fa789b99e36f277d2f2a095e9dbc8
notes/BOUNDARY_VERIFICATION.json	400	b5b24b1a875d8479fe96389edd360ce09b5b9555b058b4f2c618f9756709503f
notes/finalize_package.py	17517	5263ba53864e8684943c9f0c3305d08b18c91070811f9730fe257a17b14eaffc
notes/inspect_original.ps1	2519	160f60d7db9aee1cbd6d47773e6eceb5c5bb50d5d300eda7d78b8b13511dd274
notes/PROTECTED_FILES_BEFORE.tsv	41732	8ceaa82d7aba601137320195729ff07a262ae5459ef29c1406db751486f9e716
notes/SOURCE_MANIFEST.tsv	17970	3ea663f7c5a7faff3997f1b51a9f1cd3773ce02a3451b2f3663d9bc1d502f4a8
notes/source_records.json	189768	dde342468c2e9d36bf128a6cd3267bed1d02277bb982274554ee1b64b67e140b
notes/SUBMISSION_REQUIREMENTS.md	28051	e76388e03763ecc4395e595f45634bad4713d2024c6806d90b393e7ce52d7c9c
notes/TEMPLATE_AUDIT.md	8464	6eb1098e4f5e54188494b4834f0f7892e920b0ced9f99a40eeeb8830cc604ba6
official/forms/201912121738250Y.dotx	25213	e5030fc86b15c7b7cd55570fee9d2dfe7a299c959383360ca2521f6242eb1778
official/forms/著作权转让承诺书及保密审查证明-计算机应用研究.dotx	25213	e5030fc86b15c7b7cd55570fee9d2dfe7a299c959383360ca2521f6242eb1778
official/forms/题目及作者变更申请书-计算机应用研究.doc	55808	e75a656b200ac50179fb6318edebfd021f4de710c05e13b5c4fd393291ce1e92
official/guidelines/参考文献编写快速指南-计算机应用研究.pdf	1130131	e904ca4a4395dc5bbd2493a22c88126b3238690042b9dcd22ecaee4d2bfbd8f0
official/guidelines/参考文献编写规则-计算机应用研究.pdf	1243294	1e508db2e0ed56077fd7478537e760b6d7eac04beddf32ccf5e78f2467fb0d3d
official/templates/投稿编辑模板-计算机应用研究.doc	169984	baf9fce8b2bc56f2320c8bf4541546e43f48a8f3a1c773b40667d7b2a7b872cb
README.md	1658	8a624eb2a6c1463dbd7aaa376e87af72bd6d83ca8c3023dc8bbe323c2eb7c951
snapshots/A01.html	33078	fc8efc25135949d6c7f09436c4eddb632efd02018e1ffc05bc6b1d224c6fce94
snapshots/A01.txt	11242	cc7c42ab108b6de3c2faa22fac29a9ab1580f3fde069172d62742a0865caf0c9
snapshots/A02.html	32999	cee226f15d33ce21e056315eb4187bb1651c791e8679e46e1aa4d6c9021abb28
snapshots/A02.txt	11473	3e207f5ed104861fef0b7211514eb6b8f9867ff620bb362c4ea767115cadbb38
snapshots/A03.html	33068	aea9c3b7a68b1fe1ca9352abec5e190197c75d792d2f3ca5d09ec942d8008ef7
snapshots/A03.txt	11532	8580ae558d80ab902bc79db1ace1065d73f2e014cbd0f1a33d0bcd45fede8371
snapshots/A04.html	33113	62d0c5717b7597e02377ee2495361a4a1bfbb23816122348132de482258320d0
snapshots/A04.txt	11634	d0651bd8066b2ef0d96f62383cb8b0aaa7047b851423de092177c68ad241be8f
snapshots/A05.html	33863	2d56c40f461ebf1b66931d64a1eb7be7e7fc717177800fec9fe2f14b6f5150e5
snapshots/A05.txt	12139	7cf8d82b2ac5693b83ea97f208091e3e326bb14a04f6df0fdbb8976c6fccbb0b
snapshots/A06.html	32126	33b02b0ae23ac174b4722b25ece7d142c26964b6de5b94cb7094feba0725c31b
snapshots/A06.txt	10957	299e84f1e63f76a296bf55e3a2c9bf93a0d5cdd02222ef29cd6d793ecb5c2048
snapshots/A07.html	32537	d81562e8803a192cb522113957bfd6387c4b74fb0555ae42b4b564cc20351f28
snapshots/A07.txt	10971	39c82c795e5898247c56a24f0bde13eab36fd3dbb7052d18a2bd0d4c15aeab3a
snapshots/A08.html	31953	73a9948f5987c4c5880e4c040dcb53df5b44b6bcdd12974dadc39b49bb27c5f0
snapshots/A08.txt	10747	c8db83eacc6d7040c25b9ba455948b8dbd46436a54c8bd1a5dd143b16f355e67
snapshots/F01-audit-copy.docx	85883	b2b059c16085bc1e57d38a503016dcd6c71f4d9eb02f58b6d4ed31d6a28a768e
snapshots/F01-original-com-audit.json	45695	42fa1f81526f07eaa3ebac3880e8c9957550170faaff4e43bd553e0faea029a4
snapshots/F01-page-1.png	468624	5dae7fc4d73711ed2d7d4df09888513876e5190bdf8b0d1af6557dbc3419bcd0
snapshots/F01-page-2.png	574626	232ed7576cf49ed8027e55e4078e2ca3418615d89dc9b006dcb0a11a67cedfe3
snapshots/F01-page-3.png	332379	22c096258bd02194456e2fb4a92679953c31a592c2271ade84223503de62229e
snapshots/F01-render.pdf	483370	1aa5d9be432ec017da7b8ac007a36621d61a080e1176ab8f1047e7c3e28d2573
snapshots/F01-word-text.txt	10845	cd097016e52d84dc9c509c72fcbdb39dc69cc6c327b52ff6cc98373d94e0bd56
snapshots/F01-xml-audit.txt	160835	83f47f008d5aa6882b16802f419c4d9b98755c91a7c934b29ed398c48a904c7a
snapshots/F02-check-19.png	389463	bdd17553e67b8691af1bbd60938852ab7382288df4513f43aadaa21c4dfe340e
snapshots/F03-check-2.png	570868	eb3996d23c203c4dc99155bbde21db1a32329e1a5fd4243363c2bc2db3ef17fa
snapshots/F04-render.pdf	119961	a93adac0f117d7927e97d1fb19049447391996728452be31fd929b4e828b46e1
snapshots/F04-word-text.txt	2809	a241debbb01a9a5291886b8b3a85ad553f9150e1c00701db3054131efbf1dbee
snapshots/F05-render.pdf	107366	668744f73cfa67e5a4afe4c8241ab43665a82c52ddb96c820317fa9fa6b642f7
snapshots/F05-word-text.txt	407	3a15b10d95ab87cee18afb42875c9d38619d37a1c52e9b383bb661856d7d51c0
snapshots/P01.html	18712	1a1ec0b1154ad591f79fa7b5a33300bc5b1b8c9d51aea695bf146200526ace27
snapshots/P01.txt	7588	6c3348d9d937d981fe2b04fb54544153079704ab620888e69febb310e49519c7
snapshots/P02.html	15125	6589437774e2c1b876d089265ce8f306d69ed8c6295976030f3640a080715cf5
snapshots/P02.txt	4612	f9aac317fcc9647ef9a7c7b9ea5cbc72eb13574bc60cb45c9bd68a89ab57d27c
snapshots/P03.html	17738	37c341d06d23355da7a942b0906464f5b11a793cfb7f8001921a1b71c5da8e24
snapshots/P03.txt	4638	94c006b74f65ab0cce9edd5459c94e0f48640ebdb2adc73f6593ab406c849179
snapshots/P04.html	22689	4efd93ccef22f9d04271e80d01bd7e4321ae02ef0c17aa1273e5573dd9795d08
snapshots/P04.txt	10866	ee152d1d08f3f5ca8c79eb7d52b49f2e01f4d161e7707b15ce48cda05826cf42
snapshots/P05.html	23322	f503d4addeff17b31afd26896ebce4704012dae4af8eeb64e3b5701c66ab14d6
snapshots/P05.txt	13994	244cfa276c502d069c24da57d2315a030e4dbf2c7337c491ea74b11824584bff
snapshots/P06.html	71447	b823119d1a3a65006ccd282ebe9a27c29f384c9a574af0d790ba6ae6a97f7bfd
snapshots/P06.txt	17414	fee86d8a4c4a91bfb6ea822a776af9cd97ad9a79d15934b960d5d2119f96b07f
snapshots/P07.html	16248	95f14714a7b391f46c864ff71664ac6a3e03a244ed95fd122bf593b63b6426eb
snapshots/P07.txt	5160	6ce1ea50980de249429d4ee3e2379f79a91e0a01a5916e37b845cf864b0a6d34
snapshots/P08.html	50088	9daa4bd46843b29042fa57fe61034409b3b4611dbb5c778c3d22a0b75555b12c
snapshots/P08.txt	31782	3b2c9061037c33f5443e986efebd3ba38d45d11e0a96cb670a8e522bc9026c22
snapshots/P09.html	17211	16d844957fabaaaf31dbbef65bf37e5515873b0a9c5e964be58cc5131cbefef3
snapshots/P09.txt	5219	9e269bae146cb3d7efba1e2ddbb52b10f9b542b2851cf88c75a9af235dadd305
snapshots/P10.html	16799	6db6847454a4325388ee0fb3e7e5a52693bdb380e99a8c7467d2bc01adca9656
snapshots/P10.txt	6202	1d164ce14c7bc7fc9317a489803976d40122d4066b6565ccb0baee5c926e360a
snapshots/P11.html	15336	dc48062fc92805961b38767e0d9814350ec6d68ac35bad57d6c1ea49a88e5413
snapshots/P11.txt	4537	5e511a839d65a2d6dfb596e4d6148983b5ce8d7e147533258065b7f9eeebe1f8
snapshots/P12.html	14930	b19b1962cd0c697d250cbb4627f8fec6ad02607aa19613fa2dfc9ad4b3ab7660
snapshots/P12.txt	4469	aecd8ac6a597700ff1d1086debf802914cdbef352147f151e2e76d2321e59fca
snapshots/P13.html	20394	e6d41a35d22285c671760020a78653f78d41907eae16a6572e1956c6d153cfd6
snapshots/P13.txt	3754	efaa50c01a633d4002bed7ed1bd464dcaa08ded371781370ffc067a66b44e558
snapshots/P14.html	15075	2b92fe5fe2638b4ebfd1c15fc6177edd0e572636ccd7cefd99e4dc945f6ad8f7
snapshots/P14.txt	4587	ad02417af0035f46735a3066cd2027cf2b73353cac82fd0f0515c9d693838ce2
snapshots/P15.html	91850	803aeb9ac1ec62c17dca995973ac5b375b16e2b25566e901911ada3d524baf6d
snapshots/P15.txt	20981	c3a12754d893ee9f4e9d3e1cf7142a6ef5c20d69d1b27198114a0c38dcaff65f
snapshots/P16.html	96874	d0e43fc806d10315db538d8a36196b7fdf4947e6ec4a895bad6427e2064d7b56
snapshots/P16.txt	22195	57280789bbeea6c51c2817cec5f18b86a83b16a0fdd5aa26d0a408608573f8f4
snapshots/P17.html	15682	7d0667db445fabd2248a66d97c98039cfb23db9880be552979e31beb1d865df2
snapshots/P17.txt	5313	a6cd9ca69705ef3fd9dca9e6cd8bed67a959550d423ad277093fb60692e4f14d
snapshots/P18.html	17444	e03d76503a0b947cd6055f8c67bf3d07b8762fe5b623f0235e3460e01aae36e6
snapshots/P18.txt	7379	e54d90dc9f46d400a0102da6a9c37ce5264b2fee2bf006aa0a32cfdd0050a5b5
snapshots/P19.html	10250	2535c7fef4427d49049859400e83910c2f78c266661974c6ff528d828efb9bf6
snapshots/P19.txt	1358	ffc653db21bacab515840ab252438d13d89655dc6d323cd23c64bdc9dc934fc2
snapshots/参考文献编写快速指南-计算机应用研究.txt	16197	a840ac13decf902af01a281886d679a828e0db8ebdf37343212580f665962842
snapshots/参考文献编写规则-计算机应用研究.txt	49745	9db66185aa7506d947fc0bd2157f452a68f030045e9117e362acba7e48ea7b72
