"Path"	"SHA256"
"D:\kwaay-formal\manuscript\.gitignore"	"4587FCABA7CEB11420A70003BD0BA1F360686798D79D866BB7752B4ABA8A9338"
"D:\kwaay-formal\manuscript\.latexmkrc"	"DEADCE31A0EC0F9569C89B6956E2E69F39D01E2EE8E842EAC02FC9F834BBEAFA"
"D:\kwaay-formal\manuscript\INITIALIZATION_REPORT.md"	"55B971128F964754302A0BE8EABD620607E29108AF72AAF36E45DEED92D5321C"
"D:\kwaay-formal\manuscript\main.aux"	"F3D17B546B375F51A13B3D32B12334A9A945ABFEBD6D338D3635277E99187850"
"D:\kwaay-formal\manuscript\main.bbl"	"59923F0102085A84288441042BB1F90948B4926EBEE7FB2A6E95C8EC2BD831EA"
"D:\kwaay-formal\manuscript\main.blg"	"CB7FA3A869555505D4B8B3216F9DFA4098F6534DCB206950662EA278379023AC"
"D:\kwaay-formal\manuscript\main.fdb_latexmk"	"C738DD375A1F46BEDD0B5D72662928BB6D42A142DDF3CC821C7331D266374D71"
"D:\kwaay-formal\manuscript\main.fls"	"3F2833E749223F44F231B0F30F221459A088BD18F2825C0AF901BA097D2BE891"
"D:\kwaay-formal\manuscript\main.log"	"6FCDF08A034DF479BC2208983FE2DEBEE2F3C8E63F3998A4C9A88D7811EA502F"
"D:\kwaay-formal\manuscript\main.out"	"32FE98170B5AC0D320FFCF8E2D86C99ABA3E6F03E9D894CEF0781CC57B3B187E"
"D:\kwaay-formal\manuscript\main.pdf"	"6D483DED17918CCF9D80864B3A293C61186301C8BF9ED281513F7D42AEFDB1A8"
"D:\kwaay-formal\manuscript\main.tex"	"24476B42A4B064E1E1E1934EF4AB20E50051ABEC0BC1BF42F75054A17CEAF900"
"D:\kwaay-formal\manuscript\Makefile"	"8F96E85DBF170D2471C76EBC93A1E2119B197812A512F5D1A9F3FAC7D8AFF32E"
"D:\kwaay-formal\manuscript\paper-content.tex"	"D8B4B12F70FBDEFD01D010B791A8362A9CDEC3598E8C80CF0537F826506BE0BC"
"D:\kwaay-formal\manuscript\README.md"	"B28BF21C15A87D3A1E5AEBC8C17A515D75676DAF99B55FFE0413129A96C21F70"
"D:\kwaay-formal\manuscript\appendix\appendix.tex"	"1CE9B8DA424384F584F6EC80EEAFF0C95E184A4C1E4E370BEE69BDF48AA44B9E"
"D:\kwaay-formal\manuscript\appendix\model-properties.tex"	"3FC81D4F9A122DEB9E59CB26230CCC1B885EE1B96F3496F236BDDE80A7DD6FE1"
"D:\kwaay-formal\manuscript\appendix\reproducibility.tex"	"C68454BB6CA79E855F867A7B3710508F7386FA2C2E97A45B5AD8FC49AAFA951A"
"D:\kwaay-formal\manuscript\appendix\trace-details.tex"	"5FED0D2A028F7CEF1D159809105A2B8CBF1BBDEF46712E8157A50193A451B617"
"D:\kwaay-formal\manuscript\bibliography\references.bib"	"8A0A5A75D4C0294049FBAC13B4CB74907E06729729D24051733B4DC8D9E04714"
"D:\kwaay-formal\manuscript\figures\README.md"	"6F5C6B5923A3DC30ABC78691B602BF23906FFC8245842C434D2A4855CEC66C6D"
"D:\kwaay-formal\manuscript\figures\tikz\attack-trace.tex"	"CA13DE9FED150D32AB3E1C60DF9BDCAE6DFECBC872B7ED257867013223F5B44B"
"D:\kwaay-formal\manuscript\figures\tikz\identity-control-comparison.tex"	"D6D20BF17967AEB4B77E95A0CDA6D1BEF1593434CC0D50D02D58DA85D681A083"
"D:\kwaay-formal\manuscript\notes\combined-review-revision-report.md"	"D778CDBF9F9EC79C549F4850662AA8DCF19C35E38C4489350F5574CA8A9B35F6"
"D:\kwaay-formal\manuscript\notes\initial-manuscript-review-report.md"	"C952E2112EC2E586AB1C380B8151698C660BE130FD6B5D933515CAC6A0524269"
"D:\kwaay-formal\manuscript\notes\paper-writing-plan.md"	"0CCB2D8577D177B5E5D3A6268A0D423A2EC4AB3C7CA36E545A54694DE40529D7"
"D:\kwaay-formal\manuscript\notes\section-source-map.md"	"D865728BB1558C527A1D8EBA76D2A332C6DDA12DD6380C9521760B69B1E9DE43"
"D:\kwaay-formal\manuscript\notes\section3-writing-report.md"	"6FA43D61EA1900EAB3857B392679D84B8086D26373A5EA46D68CE03DC7DD8C28"
"D:\kwaay-formal\manuscript\notes\section4-writing-report.md"	"C57278BC7A34A8713AB2A8E64B7BF2BD6BD8B614645CFAE0760A61F69F32F9D2"
"D:\kwaay-formal\manuscript\notes\section5-review-report.md"	"98661F10AD62AEB9EED73A41369080ABB30A832DE1962ACCEDEEEA40991376C0"
"D:\kwaay-formal\manuscript\notes\section5-writing-report.md"	"F9E538D26D35AF51CD85787B8F1D4121A246E4008904263E4BA5C1D0D0D1AA2F"
"D:\kwaay-formal\manuscript\notes\section6-writing-report.md"	"D3C22C3E47357D459CC30E54104FB142B4F5BCCC1201DA72981F33C1D6ACFE51"
"D:\kwaay-formal\manuscript\notes\section7-review-report.md"	"547D1A77859A890001A513CD9DF719225CA2472D83D50066F2080376034360D3"
"D:\kwaay-formal\manuscript\notes\section7-writing-report.md"	"12B9F8DB138831A4C01F6CD6ED672C9A2D969F59C9EBDFDA1ACEFD8EED6F8A45"
"D:\kwaay-formal\manuscript\notes\structure-rationale.md"	"CB4D811ECA507FDF0CF3B67E0EE4382A77A3801C6B1F415BC316183CDDE84689"
"D:\kwaay-formal\manuscript\notes\venue-migration.md"	"26095C37D46B610DEF1EA5BE9BA7A96C0468A9646A194ACD0375A773FE57F488"
"D:\kwaay-formal\manuscript\preamble\macros.tex"	"F423CEF6AE134930826D3E515094794BBA0D9ABA8D803362BA0BF9100255E0CF"
"D:\kwaay-formal\manuscript\preamble\metadata.tex"	"D68E7723FD1FE54EEABABB0B84ECE4DF927C2760EA324FB1815AE9EF3199234E"
"D:\kwaay-formal\manuscript\preamble\packages.tex"	"15041E712DF2473989AC33DD7D65FBB885735C03020D5A1E95BFDFF1C79289CF"
"D:\kwaay-formal\manuscript\sections\00-abstract.tex"	"3B31B7FD6F13881EE22179EC29F5C72FFE15A1E3ABE2DD1D173AE6B7FB591AA1"
"D:\kwaay-formal\manuscript\sections\01-introduction.tex"	"7E6FE85A47D4F41A2E10D50E4E071743D06EE4C9C615AFA4AE8C59D45AED1874"
"D:\kwaay-formal\manuscript\sections\02-batchreceive-identity-problem.tex"	"F1B97047676756171A879572EB82CFE3206392714C4FDE8FB4B50880B1981A4F"
"D:\kwaay-formal\manuscript\sections\03-security-objective-threat-model.tex"	"9787C36E60F54D809668E945DC851F7DBCFB31BAD7B3DAED39D6BE78C0E9E69F"
"D:\kwaay-formal\manuscript\sections\04-formal-modeling.tex"	"0BE0AC16C256B9DA227F2D85A23ACAA82A4D8B1D38B37DB770FB0B9D7FCEB2F4"
"D:\kwaay-formal\manuscript\sections\05-formal-analysis.tex"	"E1522CA0387391EDAC4B4B7CAEB36A18A70A7059C4F2103150B6A7E1886B4E39"
"D:\kwaay-formal\manuscript\sections\06-discussion.tex"	"30BAAE5A5C9998C9815A2EFD80C7CC209E659CEFE4460DDF2F2FC06BFA515E2D"
"D:\kwaay-formal\manuscript\sections\07-related-work.tex"	"0856A97B6EE0547A47C17C69238A916A21660F2A42FB295AE57A7DA9B9B5664A"
"D:\kwaay-formal\manuscript\sections\08-conclusion.tex"	"E6F0C1E487309F975DFD1AB3995B836F00FFC609BDEC362CFD8984B80CE29FAD"
"D:\kwaay-formal\manuscript\tables\model-comparison.tex"	"B3345836778A3F98F2D3768BC275F6CE96421CA6EF28B34B78DECAE05C402741"
"D:\kwaay-formal\manuscript\tables\verification-results.tex"	"980743E4FF509C42A947182320D703FEE08B901BE866B58A3A7578BC8D02397F"
"D:\kwaay-formal\manuscript\venue\generic.tex"	"899F766FA7F0E6C74909F083B38C4B7A6DBC57F52C82E5AB2F90F1010497CB4C"
"D:\kwaay-formal\manuscript\venue\README.md"	"BEF661AACF41B93A0EB9DE1E34285D35EC95B04FEF1931248526C2C991CA9CEB"
"D:\kwaay-formal\tamarin\kwaay_deniability_advanced_BigBrother"	"8D1E4957AD07873BE560AD18842FDECB8ECBA704D6762501E9D09C4CFA33452B"
"D:\kwaay-formal\tamarin\kwaay_deniability_core_diff.spthy"	"87620970D43D4D45FDDB9B8E825E568B4253AE804ECAF47F2A8EA9C8DBB5DE6F"
"D:\kwaay-formal\tamarin\kwaay_deniability_malicious_pok_diff.spthy"	"0633240FCE82C7E5142EA437A045BBC18EF09E9950DECBB389E8F6187F330C00"
"D:\kwaay-formal\tamarin\kwaay_deniability_negative_sender_secret_diff.spthy"	"7EAE7C9B1826127C2514CA14D70823E4F49CD7C273A3AD297219D586AD2C295B"
"D:\kwaay-formal\tamarin\kwaay_deniability_with_proof"	"9595F947B57F13891A69670B0B32FCB89CF6E122CF44B247CA29CB3345AA9270"
"D:\kwaay-formal\tamarin\kwaay_deniability.spthy"	"8BDD368B68C8A4CD7112ACFEDF6D7907208E981BD074AF124D8457F087086ECE"
"D:\kwaay-formal\tamarin\kwaay_splitkem_batch_dynamic_v6.spthy"	"7733815C2A176D9BD0CA411B6FF7D966E0EABA9F9E377523AF0E614697A5E302"
"D:\kwaay-formal\tamarin\kwaay_splitkem_batch_dynamic_v7.spthy"	"7DD91DEAC3E16FBB600B1DD646E6C783AA56CE779B9097216BBA0814E7B37A47"
"D:\kwaay-formal\tamarin\impact\kwaay_impact_fixed.spthy"	"0C46643FB278598D45B91DC2CE4A963AB1A7F3336581A5AFE599CC888B9BD808"
"D:\kwaay-formal\tamarin\impact\kwaay_impact_hmac_dedup.spthy"	"993F924BC588E8EEEA76109D331C3035C827193B1C8A321FDAD9ACE40620E353"
"D:\kwaay-formal\tamarin\impact\kwaay_impact_original.spthy"	"0C20E36137C27BD138101A91EF5CE1E16109FCCF696F942EB98C3D855A11FA41"
"D:\kwaay-formal\tamarin\impact\README-fixed.md"	"11F8835F1D1B9F82E7610E384B20C64C0AF5E7247D41F0CA43E3C0D1D1368D97"
"D:\kwaay-formal\tamarin\impact\README-hmac-dedup.md"	"462CB56CE8D5BCDCCC7A9E72E49A5F3FF774A8129E96166FE0441F8DD078F5D5"
"D:\kwaay-formal\tamarin\impact\README.md"	"B78AF1C2CF0DEF09470CF296C874C07F5C89E803BA1B149FC8DF0D0B6AE0E603"
"D:\kwaay-formal\tamarin\impact\run-impact-original.sh"	"1DB2924B999AC9E68D40D047B3A012AFD284F4961463723BB9B9E439226C15A5"
"D:\kwaay-formal\tamarin\milestones\run-m3-dedup.sh"	"410EC3A46E0829238B00EE1972580AA3631D94394FA92F83A20562D923B1216C"
"D:\kwaay-formal\tamarin\milestones\run-m4-hmac-dedup.sh"	"5B8C58F71FF8E58FD610489B304FA0BA51BCA5EE82A39D0CFB848A288294848F"
"D:\kwaay-formal\tamarin\replay\kwaay_replay_fixed.spthy"	"7D5EBDCA2B5F71856D4E94A18DDCE17212BD25C7DD869F3495A123AE521452B3"
"D:\kwaay-formal\tamarin\replay\kwaay_replay_hmac_dedup.spthy"	"8D3D8CA4E9237C189AFA7CBAAB75DB594D8E68B43C0F6496AB282AE3C0165423"
"D:\kwaay-formal\tamarin\replay\kwaay_replay_hmac_only.spthy"	"D46EAD8564B8CC8410F9F3A655C72BE440E5FCE3F2455022E0B00155508873F6"
"D:\kwaay-formal\tamarin\replay\kwaay_replay_original.spthy"	"064EC603BDFAC917246A12762774701BC624C40CCB11EB6A88ADF94BEFB4322E"
"D:\kwaay-formal\tamarin\replay\README-fixed.md"	"57232C04920F64D750BF9650EAE2E9495AFF4CC04EF9CECB9CA406B52E8CF3FD"
"D:\kwaay-formal\tamarin\replay\README-hmac-dedup.md"	"6B30914886607B7D4A56C7132967D4B409B39E13B1F0A9D7CCAE74B5DF7C634F"
"D:\kwaay-formal\tamarin\replay\README-hmac-only.md"	"80268CA8EF918C4082F4D4EBC562D97599742802928B9BF1EB718A6FDD5B62B5"
"D:\kwaay-formal\tamarin\replay\README.md"	"9E11DC192DB1160720C2FD41D592FEAE8D453B52E8C17074CA15479AFEA2A99A"
"D:\kwaay-formal\tamarin\replay\run-hmac-only.sh"	"2828CC0029ADF5C441CE56893F10244CB3488315D3F3E4EC30B770451CF24294"
"D:\kwaay-formal\tamarin\rq-v2-minimal\rqv2_message_dedup.spthy"	"90A196F5DA5C244026596283D001376427880CD64C5BEA3C6CFDFD4CCBA99184"
"D:\kwaay-formal\tamarin\rq-v2-minimal\rqv2_party_admission.spthy"	"C35AF64CAC7F01182418CB999EA105214B8DA4F2295B670A9B3733F0BD976BBA"
"D:\kwaay-formal\tamarin\rq-v2-minimal\rqv2_relaxed.spthy"	"E5129575720020AA3F509782C2052FBF2114A540D013126F5A75D316CBABAF9D"
"D:\kwaay-formal\docs\claim-hierarchy.md"	"7F05D062FCCAD6427BE8D13528712917A86C8D7AE22588AEEB1C994DFB63B853"
"D:\kwaay-formal\docs\kwaay-tamarin-deniability-review.md"	"D51E42E0C2FF9316298E9A30FD77E8E7E023774FAF8D06CD196092DB47371697"
"D:\kwaay-formal\docs\model-mapping.md"	"7D89A68C8E3D48ECF46F3A1AD8BFC5BC5435F3100554C50F439D6858046B8351"
"D:\kwaay-formal\docs\proverif-final-results.md"	"AF46DCC74D5432B0D77307D6F8F6CD86A5C10EF90C428552F267569E65F0AB8A"
"D:\kwaay-formal\docs\proverif-final-targets.md"	"2B862C7C0B25C5781A1C2A7674BF3FAB6EE140EEFE8CE11C10744EE2858C77ED"
"D:\kwaay-formal\docs\README.md"	"BDD37C7A88DE50A97A41D5FB9BD8E1EC4C4FE36A6F85D670D2FE8880444DA2CB"
"D:\kwaay-formal\docs\threat-compromise-matrix.md"	"F31632258496F8D4D21ED2D859A8DCFC508275F62FA35685AEDA597C619EA708"
"D:\kwaay-formal\docs\cryptoverif\README.md"	"3AEAB98E3A0DB587E200E910002F94BE88D77C07043C3BA6C80998EA228223A7"
"D:\kwaay-formal\docs\maintenance\pre-rq-v2-cleanup.md"	"228248AA38D8A558150C25CB93AB78036045E4D9CB8E15C200269312CA6D246C"
"D:\kwaay-formal\docs\milestones\M1-completion.md"	"A911D488BEAE470E42DA8ADBB861AF9B902027BD07257638CDD626FF1EB559C4"
"D:\kwaay-formal\docs\milestones\M2-completion.md"	"CF544316BAC453C134D4EB15577765E124457E486276B66574D443D7C880341F"
"D:\kwaay-formal\docs\milestones\M3-completion.md"	"4F0A10C1FEDE255E47BAC4C0BF7F12453949239EFA0AB0A116CDC480ECFD6805"
"D:\kwaay-formal\docs\milestones\M4-completion.md"	"7356AA275725325E9AAB79CCBC776B1B9CBE3F58F5CB9DE6810ADF6DE3B405ED"
"D:\kwaay-formal\docs\milestones\M5-completion.md"	"9DD317000AEA8BA210D3C7F5B08F43AA6DD5F7D40552DCBB86534037D0C9754D"
"D:\kwaay-formal\docs\paper\abstract-draft.md"	"D12B887F14C0E812307029A40DC61877EEC7E7E2D6FC94FA31F8820BC737B218"
"D:\kwaay-formal\docs\paper\background-draft.md"	"B2F5C4FFF9FEA015E556E02C12D964606312C8D709D346E60B4EF7355901DA57"
"D:\kwaay-formal\docs\paper\conclusion-draft.md"	"863D953A70572AD1FE145F993EFF940DD5577CCC376BE677A984A55277776AC3"
"D:\kwaay-formal\docs\paper\contribution-evidence-map.md"	"047FCA91AFCCB9F5280E66EAC18AAB35439C58C5BB9B5C669A5F4B3F6D07ACA7"
"D:\kwaay-formal\docs\paper\contribution-outline.md"	"0CE57FAE601CD224FF4ACBB1BD021023570F999BD029258DBA8E34D2F76BC862"
"D:\kwaay-formal\docs\paper\contribution-section-draft.md"	"D732B7399B297ECEC0349EE49E319BFA07D388B0007CE79C5822E58D3258591C"
"D:\kwaay-formal\docs\paper\discussion-draft.md"	"8469C3331752E14698E8C04B78A6805A5AB35E352A8D264677C36D6B35589397"
"D:\kwaay-formal\docs\paper\evaluation-draft.md"	"96E7CB98C73F3BEC599C0CF950F0496F5F1EE39B83355BE5C3B8C52DC0842ECE"
"D:\kwaay-formal\docs\paper\formal-model-draft.md"	"3C7A0E40CFB13D95A1032E698CB800146FDDEEBC5A831E324990C745A1F19E37"
"D:\kwaay-formal\docs\paper\full-paper-consistency-report.md"	"78EAAC3AA667BA7605E81F52638512540D8552957B03B70DF7CFC51D44889DD7"
"D:\kwaay-formal\docs\paper\full-paper-draft.md"	"335BB23C16D5B6C6F6B2C23FA0A3C265EED8F3FB3356B79A65ED2AEAB8342D1C"
"D:\kwaay-formal\docs\paper\introduction-draft.md"	"42A053CFFE37975F63F39FBE662FAA688CCF80EA91B6E270046A2C6A6BD1310A"
"D:\kwaay-formal\docs\paper\limitations-draft.md"	"633180A540AFC89BA59EE4BA44A222494BDB8AECA7AB7D2CF8B1F3DA53FEF79C"
"D:\kwaay-formal\docs\paper\paper-structure.md"	"552BE8F2A1DC6D105408F74950DD4468801D553AB91E60A496CD141CE2E00BAE"
"D:\kwaay-formal\docs\paper\problem-statement-draft.md"	"8BE4BC47E35BB5E8058EA4890898762D47F3ABF137C874EB1848FA98F910BD57"
"D:\kwaay-formal\docs\paper\related-work-draft.md"	"4686CD697CC5BA3206AD7A02993CE768EA6A136978A5CACF4BC570A26EFD9CF9"
"D:\kwaay-formal\docs\paper\related-work-revision-report.md"	"DCEDB442AEE9DE5A38E42328EC10C769BDA9A6077CC7EFAF9A631C687E8D5D6B"
"D:\kwaay-formal\docs\paper\related-work-source-map.md"	"C91B0C22AFEA076B4F54382C95623938F0D2B2AC776E2F4C2491D18BF4B069FE"
"D:\kwaay-formal\docs\paper\security-analysis-draft.md"	"479413E4F1B846845D8611CAE64D44804C96423CE09591134670090653DD652D"
"D:\kwaay-formal\docs\paper\threat-model-draft.md"	"9F64FE1997BCBA9C47444A0B544381DF69EF2B1182AE326E4C6FB7E7D5435701"
"D:\kwaay-formal\docs\paper\threat-model.md"	"2D144E183A296274EC56D02CE85A2C4D0C0149EA7D7655E9AAA98FFA77ED2A6B"
"D:\kwaay-formal\docs\paper\literature\citation-verification.tsv"	"11461C6B394568EB743F4AC5C8F4CBD1A6EBBCA87A9C89E430D7E076FDC050AE"
"D:\kwaay-formal\docs\paper\literature\literature-corpus.md"	"0F4720C30B242399CD1C2258F0FCC905C859F9CF1331C77DADD139ABE03A1118"
"D:\kwaay-formal\docs\paper\literature\novelty-positioning.md"	"24963F1B5DBA20B9AF317F2BBE23F1C96C65FA98A52BA01101C2A35906003D96"
"D:\kwaay-formal\docs\paper\literature\related-work-revision-plan.md"	"4352B7291CF1AB86129CAAF7DC5E9A6335F0EAEC26552087EF61D63FD8ACC97A"
"D:\kwaay-formal\docs\rq-v2\g2-admission-semantics.md"	"10BC9764C91EDA1BD343F65BA28152C6CE2C777786E766C23D3F53D5660E91C8"
"D:\kwaay-formal\docs\rq-v2\invariant-necessity-analysis.md"	"7959539C36F172239ADC1D700A6698A69F9C8D559021BDD5D71BDB8CBD4E91AE"
"D:\kwaay-formal\docs\rq-v2\invariant-vs-enforcement-analysis.md"	"8FFB4B27277FA5CC0AF9CBB62566687C9EB4CC8175D3939D086E54536E5998C6"
"D:\kwaay-formal\docs\rq-v2\party-output-binding-analysis-final.md"	"1E7EF79751D902E454EB6F15D434910C5E2856EA7A7D6F5E57EF64D22AA863E2"
"D:\kwaay-formal\docs\rq-v2\prototype-execution-report.md"	"E0C2520FC8D789EAF8E1B61BA7715E869A674FD5E58A14F880F0391F26B330BF"
"D:\kwaay-formal\docs\rq-v2\research-contribution.md"	"D9CC02D56160EE9811455B15008D65B31A0B9530A5A44EF081D38C8FB864D9F7"
"D:\kwaay-formal\docs\rq-v2\rq-v2-complete-argument-map.md"	"C488878572F4E2F03F4D82ACD804F112807F185C09B17A3941A69BE7ABBA2E74"
"D:\kwaay-formal\docs\rq-v2\rq-v2-threat-model.md"	"48C1A2A96B1765583828565FE265BAD4BEB79E7E88BC1D164DA5EED29E2B6139"
"D:\kwaay-formal\docs\rq-v2\security-interface-dependency-analysis.md"	"6D64C085C7EC2235AF44E99F5170D689E1B1E119FE1759AD35C6065B99D81680"
"D:\kwaay-formal\docs\tamarin\README.md"	"F7A775F9B18562C5BDBF0DF77608425E194A659D9F29D193FB59478E80AAA7E5"
"D:\kwaay-formal\docs\tamarin\tamarin-deniability-results.md"	"CF24D9BEFC946C3E42F4CD33706F2D3988186B1EB229479AEFB9B1B369FE34A1"
"D:\kwaay-formal\docs\tamarin\tamarin-v7-results.md"	"CC6FAA92B3C2EEA19DD52CFE97BFCCA7C983F847199572711682C2B7DC210730"
"D:\kwaay-formal\artifact\README.md"	"D8E500760E229EA2F123482CE97B087AB9E7A704AE1966A497E8E82DB6F3C0F9"
"D:\kwaay-formal\artifact\manifest\artifact-inventory.tsv"	"25B5D8C209CF9FDC5C2DE9E37205F6D5F570C9400D1822D9204DB2BD555C2F4D"
"D:\kwaay-formal\artifact\manifest\frozen-inputs.tsv"	"38814EE13148A36063D84779F0EAF3C9147E47F480295610F376B61CC5FDCCDE"
"D:\kwaay-formal\artifact\manifest\git-blob-SHA256SUMS.txt"	"A276D866370D69091BAC355BFF69843C5BD36FB6CB96921318E82255A67C7A97"
"D:\kwaay-formal\artifact\manifest\paper-mainline.tsv"	"865F3656D69113E539C59023CFE60F79C573FF5E3C640BBD1F85F178A10D50D9"
"D:\kwaay-formal\artifact\manifest\property-semantics.tsv"	"5AD8946C3B0D0F021BDE1AFE932927020181C3BFF4A75D9488C6259F2F388E59"
"D:\kwaay-formal\artifact\manifest\proverif-targets.tsv"	"CAE0409E74B84C6787E0BCDCA11D68D1765C3168E162511059A906B39F9514DA"
"D:\kwaay-formal\artifact\manifest\rqv2-current-authority.tsv"	"FC1A8E1AADA71C3C29A039A02BB33C7B56ACB3C5F4978B15A646525D630C6EAF"
"D:\kwaay-formal\artifact\manifest\tool-versions.tsv"	"40C6417DD0864D9F0E994B417148ECC430F12AF46EA268C4A1C286CD25D2F41E"
"D:\kwaay-formal\artifact\results\actual-results.tsv"	"914ACD51E1A358645DEC294F8B603E789086E68FCD41738D4AC0EBF31C1CC2F1"
"D:\kwaay-formal\artifact\results\claim-evidence.tsv"	"6093EDFB3FB038DD6D69FC7ECC7A0BF416226490EAF786FC71E59E62CC85214E"
"D:\kwaay-formal\artifact\results\claim-matrix.tsv"	"878CF960FB6D850C72E5F5DBC719FEADDB03D8FE5B31B402BD658B40B80C9CC3"
"D:\kwaay-formal\artifact\results\expected-results.tsv"	"96BB8D187C7CE2406901EE4DE6CCC62DAA9573EF94EA2D91802C54BD2EED68A7"
"D:\kwaay-formal\artifact\results\raw-to-summary.tsv"	"3F0E924B6106005A27B68A479F891519314861095F1904D96BBF291C35918CC2"
"D:\kwaay-formal\artifact\results\rqv2-claim-matrix.tsv"	"EDC78A235E47D2F8A9AA59F6FE64F2CD9218F87DBE578E453C24D3EE78651BAB"
"D:\kwaay-formal\artifact\rqv2-freeze\environment.txt"	"FECB8F64059FF26977A01A31DEF7FF30760F275C36B934099092DAA640FE9723"
"D:\kwaay-formal\artifact\rqv2-freeze\freeze-manifest.tsv"	"21DBD3ED028EFCCCECC120E791DFF08A4EA38ACF2C23C33809CD2BE859FC57B3"
"D:\kwaay-formal\artifact\rqv2-freeze\models-sha256.txt"	"FC33C77398F974CD8BCB3CDA5DDF1303F300D9BEC2330D5395511FA6B4243D98"
"D:\kwaay-formal\artifact\rqv2-freeze\verification-commands.txt"	"7EFC03548DEEE1F0CE9FA406A190339D38D1CFB516C4F5988FE05DB6F93FDC06"
"D:\kwaay-formal\artifact\schema\actual-results.schema.json"	"9A1751685224152253C9C2A6FCEA046211E55B2CD7FA18652B9983A3A7AF935F"
"D:\kwaay-formal\artifact\schema\expected-results.schema.json"	"061660C59849F3ED8927F6A94D834BA5E2719489979A316FE444A4C4396FB7BB"
"D:\kwaay-formal\artifact\schema\paper-mainline.schema.json"	"97F3F7A4F8359E76F947F1D96494B31D8174F412317871B1E0023D1E8FC555A3"
"D:\kwaay-formal\artifact\schema\README.md"	"B27AFA6973E90F0102B11BFADEC6BC6E03E1937A8880129DF2403019DF12EB63"
"D:\kwaay-formal\artifact\schema\source-run-target-matrix.schema.json"	"18E18B291A13C40C290033E31C9BA1C77889BDD634778B374D8AA5422D93731C"
"D:\kwaay-formal\artifact\validation\fresh_checkout.py"	"0466FB74E6DEC216171B83D0A2744567B693AC2683FED9200ACAEA4D46898BF3"
"D:\kwaay-formal\artifact\validation\negative_fixture.py"	"A0B3B50BBC2E01E7CC59661662324C1F87769919E3D9653BA292272F8F7119D4"
"D:\kwaay-formal\artifact\validation\portable_checkouts.py"	"F0E18B64B02A05DABFAD35C89F7A15E8A3B0598490C8EFEAE38D1CC40474F56F"
"D:\kwaay-formal\artifact\validation\run-tests.sh"	"F9850B049EADE6902CC3A348DDCE5F933A9BD46E784E51FB3514ACF06D336E64"
"D:\kwaay-formal\artifact\validation\summary.md"	"7F49AE865ECE4A737D0414431DC1A98F09389C96F26728D3B5B53D6CB0E58232"
"D:\kwaay-formal\artifact\validation\summary.tsv"	"374AEDE78DC306CE9FFCCC91860D9D57DB65BED3267573E61714EF6EBF39A5A3"
"D:\kwaay-formal\artifact\validation\test_contract.py"	"6411658FB79FE124C5DDF7407FDC954AEF543D18E99AB7F24B16558744DA7E1C"
"D:\kwaay-formal\artifact\validation\runs\commit-b\actual-results.sha256"	"7DE26B2AF78A5C7E621D0F1C85A131DFD8998E77627B140912DFE7BCF93333EB"
"D:\kwaay-formal\artifact\validation\runs\commit-b\changed-paths.txt"	"31027848354F5E64619FEB6EEE2DD8BFB522AE5C0603FBC35596337B8DC04141"
"D:\kwaay-formal\artifact\validation\runs\commit-b\commands.txt"	"193DA08757A3EC2BB3F575DD8F869EE52D45E1571660B37A2D7D8A07B22672B8"
"D:\kwaay-formal\artifact\validation\runs\commit-b\generate-checksums.py"	"43E9EFEB284A88D260BF5773744A4CB625F55BFA905606B34CD4BA4AE6B27233"
"D:\kwaay-formal\artifact\validation\runs\commit-b\generate-views.py"	"36EA6FA6046562CB971ECFABB89A28EDE541DDAB8DB896A515113F497EFE373F"
"D:\kwaay-formal\artifact\validation\runs\commit-b\generation-summary.txt"	"D61DED8963CB0532E8F3B512B15B0D37A82D58E4B1AF093DE1B441A66FE20F01"
"D:\kwaay-formal\artifact\validation\runs\commit-b\row-counts.tsv"	"641D77A4BDCAB622FDEFF1B764F1F871073350EC94D253BD1DA836CC80DFF366"
"D:\kwaay-formal\artifact\validation\runs\commit-b\validate-evidence.py"	"5A25B2E025B9EDC2560CADFA6377A520E8FE65C2168A4362E15D9BCACF1AD3BA"
"D:\kwaay-formal\artifact\validation\runs\commit-b\validation-output.txt"	"CD4C0670D0DDFE0BD9DC131D8B86C00072082D31CF71A1BA7FD6425A48C7BDDE"
"D:\kwaay-formal\reviews\2026-09-16-adversarial-review.md"	"06758F170B214C3F4889E2B4D7C5991A52BCA2FC921137AEDE73DBFA70A541C1"
"D:\kwaay-formal\reviews\2026-09-16-evidence\common-rules-comparison.txt"	"8893C33B696F9C7531D8D32959DDBAE0825DA02A244DC3AE491343AA9B6AF58E"
"D:\kwaay-formal\reviews\2026-09-16-evidence\independent-rerun-manifest.json"	"BEBF63761BE38BEF2447087A8775BB50E45C22A89CABEA7B69114DCB9EEACA46"
"D:\kwaay-formal\reviews\2026-09-16-evidence\kwaay-full-2024-120.pdf"	"476F28594806F15F4BAAB6CE7D3785143DB0A013F21FBCF590AC1666161660A8"
"D:\kwaay-formal\reviews\2026-09-16-evidence\README.md"	"552F93B40F3C2BE0D9D0B1FCF44715244CCAE2BC4B64773ADC91DC7F7C73AF74"
"D:\kwaay-formal\reviews\2026-09-16-evidence\result-comparison.tsv"	"27826A17A5E0EB90EBF40647DC1E5055285A58CE5641EA3BEBF343B23B2BB4E6"
"D:\kwaay-formal\reviews\2026-09-16-evidence\rqv2_message_dedup-parse.stderr.txt"	"653EDACA9308DDB32ADD8B5F06BE774E2B855927564F0C34CC8B2E085E638485"
"D:\kwaay-formal\reviews\2026-09-16-evidence\rqv2_message_dedup-parse.stdout.txt"	"1652EB32939FC20FFA1467E2B769E3A11E31669A0B9898FAB7A3D651FF92F4A3"
"D:\kwaay-formal\reviews\2026-09-16-evidence\rqv2_message_dedup-prove.stderr.txt"	"16EF784700FD5C501E2B93ACBD67A916865B4D4047BF78852A02B4AF3C12A3DB"
"D:\kwaay-formal\reviews\2026-09-16-evidence\rqv2_message_dedup-prove.stdout.txt"	"1CAABA03FF2B40B5492E68B9AC714B6027135C56D61B13E38156433BAE827ED9"
"D:\kwaay-formal\reviews\2026-09-16-evidence\rqv2_message_dedup-traces.json"	"69736A67C8AB44911CD3C7281A1C0CCB6243DB10025EC4F5FA4BA3AAA465FFB3"
"D:\kwaay-formal\reviews\2026-09-16-evidence\rqv2_party_admission-parse.stderr.txt"	"FCA70EDDC0423F5E63A76FE8AF6BE5FD345B2794767054A62D9A2C7B292A9184"
"D:\kwaay-formal\reviews\2026-09-16-evidence\rqv2_party_admission-parse.stdout.txt"	"1C540D94BF3B5C292A0DF805CF4AE54D04D8A7645A9BC34637D4AC22B09704D8"
"D:\kwaay-formal\reviews\2026-09-16-evidence\rqv2_party_admission-prove.stderr.txt"	"E527F778BAC4CB5606C5DB4A0B0275D9DB7B6D82C6BCAEC874A9427FAB3C29DE"
"D:\kwaay-formal\reviews\2026-09-16-evidence\rqv2_party_admission-prove.stdout.txt"	"F501638AAA733A39046EF4FB2A3F0C31EFFEE76B3FAD5B3F9BAA8C640A4398CE"
"D:\kwaay-formal\reviews\2026-09-16-evidence\rqv2_party_admission-traces.json"	"2D1F34D9C53AED503AD1320C8FD07096F0F838D9715F68988804EA22235FBF83"
"D:\kwaay-formal\reviews\2026-09-16-evidence\rqv2_relaxed-parse.stderr.txt"	"337CF91B2A08E21FF148816255F4758557F57C83C001DF42607F54270171DDF6"
"D:\kwaay-formal\reviews\2026-09-16-evidence\rqv2_relaxed-parse.stdout.txt"	"31CB06C9A0AD40237C9EBCD825B25F388666F05853426C6D3A755A4001C73DEA"
"D:\kwaay-formal\reviews\2026-09-16-evidence\rqv2_relaxed-prove.stderr.txt"	"94CDB5356EEAE1A741FA332237112556D0EFD1316EC51BA5FABE5D208C718968"
"D:\kwaay-formal\reviews\2026-09-16-evidence\rqv2_relaxed-prove.stdout.txt"	"4378F2A6A458B04846A8AB8473FF3BAA0B1CA9A4E493FBD886FB466596CD877F"
"D:\kwaay-formal\reviews\2026-09-16-evidence\rqv2_relaxed-traces.json"	"78FC92C506DF4E5FB5AB61C2D0EE711F8408AE7A39CC5BBB2913759600E28986"
"D:\kwaay-formal\reviews\2026-09-16-evidence\run_review_audit.py"	"711CAFBD112B1AB0722F79B14A50E95AC2223E650A2841A81E85E46FA552A275"
"D:\kwaay-formal\reviews\2026-09-16-evidence\SHA256SUMS.txt"	"612762AFBE96C832DB0EF9F1E3A04FD9A5728E2E99B92B12BB468FA521116FB9"
"D:\kwaay-formal\reviews\2026-09-16-evidence\trace-audit-summary.txt"	"E365227A79A1D58665D5E6ABC0003228381BDBF1493DF91EF51391DA5329862C"
"D:\kwaay-formal\reviews\2026-09-16-evidence\version.stderr.txt"	"4E856BDDA95FF243A080B71FB24088436156F1D6D575746D60607657E3BA2290"
"D:\kwaay-formal\reviews\2026-09-16-evidence\version.stdout.txt"	"7AA557E0DB5DCB9094E33308FBB0253BCDE6178EB5E0B2A75A788C5EF38539DB"
"D:\kwaay-formal\results\logs\env.txt"	"F5C6875E997C88762982AEB45D95AE5CE3B9FDD44846038F134E8EAAD5255D5B"
"D:\kwaay-formal\archive\aead-confirmation\K-Waay Core 的 Q1 缺陷与 AEAD 分支小论文研究路线.md"	"81585464DD0C3E367FA1D31DD0014D20AFC3D6B0B20D0805032A7174C369E3F1"
"D:\kwaay-formal\archive\aead-confirmation\kwaay-core-public-channel-aead.pv"	"63DE66AF8F34F03F338D26F45D968D0D30D4673C7EFE61936FB8D179EE3C9595"
"D:\kwaay-formal\archive\aead-confirmation\README.md"	"57FC0ED17162DF45E37148515BE4AE141C8783CD5CF311B67CAC6AE7D066417A"
"D:\kwaay-formal\archive\aead-confirmation\run.sh"	"6F3609461BF318F32BB2A8C0FD63028E56156DA4B851058286962CFD2BC27A2E"
"D:\kwaay-formal\archive\aead-confirmation\analysis\aead-fix.md"	"AB7E76D396A6AC4CA7C03EBFF65B3D05613493BB10F032910A8FDFC9BFDB3EB1"
"D:\kwaay-formal\archive\aead-confirmation\analysis\comparison-notes.md"	"7D2CAFDD6326FCF593F8C20B8C8237C10FA9B53EC0C0D1DDB28620FB26C29DF8"
"D:\kwaay-formal\archive\aead-confirmation\analysis\q1-gap.md"	"FAE6BF482B684073FEB61EFF1EAF1D6F1F0E6DD76B2FD5F2AFAAD55CDCA986EB"
"D:\kwaay-formal\archive\aead-confirmation\results\aead.out"	"25543F9384DF190A2D354168C2D67F111BBBE1F406F750DD1297D9AC8AC9CAE3"
"D:\kwaay-formal\archive\aead-confirmation\results\baseline.out"	"154F3E0F6F4ADD7BD278A513C4789FF0E97880E32D1D7E5F77DE3F1BBB4CE8C1"
"D:\kwaay-formal\archive\aead-confirmation\results\comparison.md"	"71CF213B3587ED939543147B4648C3EE1F0DB0872F670ECAA0A39D2DCDE03937"
"D:\kwaay-formal\archive\aead-confirmation\traces\baseline-q1-false.md"	"0ABFC611083F0413236C33ADFF2E710B19B6F581FCBF4E4CF034FE2DCF857C39"
"D:\kwaay-formal\archive\aead-confirmation\traces\README.md"	"6690D8CE2A465FA1B5F888D3F136C9D233C352D5D6221FAFE501B3C70D3495CE"
"D:\kwaay-formal\archive\old-doc\proverif\current-stage-report.md"	"C09F2A095346C011FE9F15E6EA9B668C861ECAC481B58C120DD42BC0599912A9"
"D:\kwaay-formal\archive\old-doc\proverif\formal-decision-memo.md"	"8E5CF4C60AC14EDFECCFB708E1F4D07A8B45547C6E8EECF632A83EE7C3D82915"
"D:\kwaay-formal\archive\old-doc\proverif\paper-definition-alignment.md"	"865B64F1FDB21DDC77A46DCC3FAA821641D9DAE2C61A2A187AF573A1903AF61B"
"D:\kwaay-formal\archive\old-doc\proverif\protocol-map.md"	"7A08C6C8BC88A7280AFC945E413F4DF90358DADB2DCA7DCA4CACDA8D729BA730"
"D:\kwaay-formal\archive\old-doc\proverif\README.md"	"9B7AF09CF001585AAEC83F6341C3174ABF75745B04D2E18DDCB8F8950CE65436"
"D:\kwaay-formal\archive\old-doc\proverif\threat-model.md"	"4AF97A65403F07D469FF17F40B93AD1205BC9DBFF26932947AC20A41C4C83DDA"
"D:\kwaay-formal\archive\old-doc\proverif\archive\analysis-summary.md"	"B4BC09D4453A508679F8C93FAD7E8BC81ECD1AED30D5440D90F40A9712D98420"
"D:\kwaay-formal\archive\old-doc\proverif\archive\compromise-plan.md"	"1110656728D92CFA993E2565293400B23E4D84EEAA86E1E3BB233E88DD2C81F1"
"D:\kwaay-formal\archive\old-doc\proverif\archive\exception-query-plan.md"	"EFB2B30E56313B7215BE63F144BA9DC552929D979CB1D935D72BAC3C03EE2B37"
"D:\kwaay-formal\archive\old-doc\proverif\archive\property-ledger.md"	"E3B0C44298FC1C149AFBF4C8996FB92427AE41E4649B934CA495991B7852B855"
"D:\kwaay-formal\archive\old-doc\proverif\archive\proverif-model-plan.md"	"95067BCD0E88CDEB6F43115DE78F32844346F99953D122413C84C7CC8D0D0C57"
"D:\kwaay-formal\archive\old-doc\proverif\archive\secrecy-query-plan.md"	"C820645F70013AEB2FCFD59684615AA653AC281D620B176A7D12A6E8F4712C6F"
"D:\kwaay-formal\archive\old-doc\proverif\archive\trace-ledger.md"	"B15FCEBEB82D7C993F7ED4C49FDBD2F79E7B73E8A819103F25E7FC0A381BFB8E"
"D:\kwaay-formal\archive\old-doc\proverif\ledgers\authentication-query-ledger.md"	"172F51B963CA2ACA2B5F2C095186118E82FE5A7142A338234130F1C9E626A87B"
"D:\kwaay-formal\archive\old-doc\proverif\ledgers\secrecy-trace-ledger.md"	"5EB27AD0ECA87D103AEFC55865CAEB9696AF22F778D244E20030FDC8F85EF972"
"D:\kwaay-formal\archive\old-doc\tamarin\tamarin-v0-results.md"	"13BFE371D8CD2209430B19CF7E987BF0759D95707AF5439CA303AF84D227481C"
"D:\kwaay-formal\archive\old-doc\tamarin\tamarin-v1-results.md"	"6012A6E563D3DDEB8744E40D8C7EE79E24424D60CB9E591BA53F621078206694"
"D:\kwaay-formal\archive\old-doc\tamarin\tamarin-v2-results.md"	"D68EC11BE4CE141B15582EFDB7C0086F05263ADA427C2A801DFE7FD745EFC79E"
"D:\kwaay-formal\archive\old-doc\tamarin\tamarin-v3-results.md"	"F5289FCF9C74BFEA958C47F1C17409B7783D01CA9BE323C32D879F4A15B7FE2C"
"D:\kwaay-formal\archive\old-doc\tamarin\tamarin-v4-results.md"	"9D0AA9470DD6FA2A9B73E96DC6330D1710B5B6745139579797869C5652DCB494"
"D:\kwaay-formal\archive\old-doc\tamarin\tamarin-v5-results.md"	"537E9D9DDA481657300D2E607F786F24BB848256EB3393A86A43122FA7D26BCF"
"D:\kwaay-formal\archive\old-doc\tamarin\tamarin-v6-results.md"	"B176583FD44B58B1D014B386A26F0BFCC8C39A7A597EA1671559A92A40CBB58D"
"D:\kwaay-formal\archive\pre-rq-v2\docs\K-Waay投稿模型路线图.md"	"3ECF1BF578812FB6F3BBBF44160B28017935089733ED6EFFBF9166C20BA6D673"
"D:\kwaay-formal\archive\pre-rq-v2\docs\research-question-v2-final.md"	"2D1E410D8B8CB3C988E68D91AADC5A395A087FCB7695F472F3C500A09E0E65B2"
"D:\kwaay-formal\archive\pre-rq-v2\docs\paper\formal-analysis-outline.md"	"A9AF1FAB7C71733E1B4191BD9A8DBBD0A6EB26F31440B87519FDE9B067D14072"
"D:\kwaay-formal\archive\pre-rq-v2\docs\paper\trace.txt"	"8A45025310EF1E6331BE68929B8A195BC104EFFCA0A24155228733A5728650F8"
"D:\kwaay-formal\archive\pre-rq-v2\docs\roadmap\next-tool-plan.md"	"ACD135A848023DDF0B5CA5153607BE4391E793D8070B591D7A37F57B108BAEBF"
"D:\kwaay-formal\archive\pre-rq-v2\docs\tamarin\tamarin-model-plan.md"	"BC82E225DA3DB1AD21F68642BF6F44BD464006DB621776B7849901116F87AC01"
"D:\kwaay-formal\archive\pre-rq-v2\docs\tamarin\tamarin-stage-summary.md"	"2E461E22C17C70B0B9736A006FE95B941B12FF8578C75788E7A80A3E298B97FF"
"D:\kwaay-formal\archive\proverif-experiments\kwaay-core-no-batch.pv"	"33F8279DFAA57C395FCF90E74D7F60E1BA8680DC6D9647B4ED63CBE7D36C6803"
"D:\kwaay-formal\archive\proverif-experiments\kwaay-core-public-channel-exception-choice.pv"	"A5FA1170F45B591C2F27CAA6161ADB7C04EEE1F1392E8DBC00E66FE01369E629"
"D:\kwaay-formal\archive\proverif-experiments\kwaay-core-public-channel-exception-test.pv"	"679D6A274FDF408D929CEE63354F25EEE5A123FDFE28BB9DDFE077076FD2D787"
"D:\kwaay-formal\archive\proverif-experiments\kwaay-core-public-channel-leak-all-receiver-secrets.pv"	"0E84140FCD7DE4F47C7140CD0D2A176A6311F51E2170B815B9E11C6F268727DA"
"D:\kwaay-formal\archive\proverif-experiments\kwaay-core-public-channel-leak-ekemsk.pv"	"745B0AB7DB09263684A74C60FCF470007B8AE141C2FD6A8E35FFA198F26613EA"
"D:\kwaay-formal\archive\proverif-experiments\kwaay-core-public-channel-leak-kemsk-ekemsk.pv"	"5FA3C6A6FBEAF2AD3E98838D37C4FB68F80D1874276F2DF51C4BABE7EC12A876"
"D:\kwaay-formal\archive\proverif-experiments\kwaay-core-public-channel-leak-kemsk.pv"	"620772EE63FAAC86102389912629F25FA551C6FA36BC4EDBE532AF1E862C5097"
"D:\kwaay-formal\archive\proverif-experiments\kwaay-core-public-channel-leak-rskemsk.pv"	"86693DA8C289B7569A967FAF8B2EA474BA24F19638CD8398985AAEE8D31808BE"
"D:\kwaay-formal\archive\proverif-experiments\kwaay-core-public-channel-leak-sigsk.pv"	"4FEEE65779CACC152673DAF39F092A5EF2833D086E9B51A9C27DF85087AFC335"
"D:\kwaay-formal\archive\proverif-experiments\kwaay-core-public-channel-leak-sskemsk.pv"	"B3B8BDD4ACCBDA9FF2F526DF732CE8B2221F039770DF84D5B6A8640053E19C87"
"D:\kwaay-formal\archive\proverif-experiments\kwaay-core-public-channel-splitkem-component.pv"	"2A8852591938F72286FA25BF1EFECF2FBFC8214DE8080B2E8CEA672A4B9E8989"
"D:\kwaay-formal\archive\proverif-experiments\kwaay-core-public-channel.pv"	"5B3D1A29D6D76C110D223825F45DB28790AD926753C05287C52D1ED6E7E5E439"
"D:\kwaay-formal\archive\proverif-experiments\toy-kem-auth.pv"	"4B66B59A590545966EBCCEF7D7976275299082DE2A96B0435531F55092B6B979"
"D:\kwaay-formal\archive\proverif-experiments\toy-kem-secrecy.pv"	"9FA7DD0EB71DD2D55C63F579E89D348E491F73D9DFE5526625F1F9F65EB9813C"
"D:\kwaay-formal\archive\tamarin-experiments\kwaay_splitkem_batch_abort_v3.spthy"	"1F2E1446D1336B7D074B019B3D1EDB7C56EA0BCDBC708369C9B8255CC6F020AF"
"D:\kwaay-formal\archive\tamarin-experiments\kwaay_splitkem_batch_lifecycle_v5.spthy"	"2D1F5E9700D15754A6CA5B1483A61990A04AB215EAF88075FB627CBC24BBEECF"
"D:\kwaay-formal\archive\tamarin-experiments\kwaay_splitkem_batch_state_v4.spthy"	"E5F2A7F36E1A4E8514A987B7E7C18CA3C904142AE6016AA85ED894F21CAA0B0A"
"D:\kwaay-formal\archive\tamarin-experiments\kwaay_splitkem_batch_v2.spthy"	"C9E2505DF3CB00A24A7111B25A1F74D583AA9FBC4FCCC7B8C1A9B688A8D5E2AE"
"D:\kwaay-formal\archive\tamarin-experiments\kwaay_splitkem_state_v0.spthy"	"64277BF9F06E211A6A063DC6B15B0F340E34E4660C7A7B7D75FB37E3EC224494"
"D:\kwaay-formal\archive\tamarin-experiments\kwaay_splitkem_state_v1.spthy"	"E074DC5A855CA6126F0A8A93096ED2B4C740974A43E32645A34B8CDB874F9A2C"
"D:\kwaay-formal\submissions\formalise2027\.gitignore"	"8F9A759799A1DECD463DF1E02D840EEE07D364BDF339BCA4232690FCC365CA2A"
"D:\kwaay-formal\submissions\formalise2027\build-console.log"	"77459B7D1B03B92BDAF55379B20FD93F172438EB9AE9BC36D6F015DC9BD4FE63"
"D:\kwaay-formal\submissions\formalise2027\main.aux"	"E8FC2D4AB1E56AF7790238717DDC3DC26D3935DD49BE3F51396449F9AF0EE432"
"D:\kwaay-formal\submissions\formalise2027\main.bbl"	"080CA88002620969F05BF483E93C61406FDBE08E398089EEE5316DC399FBF8D5"
"D:\kwaay-formal\submissions\formalise2027\main.blg"	"19E37CC671F230156F8F2E92B863A3D70E98FF0B5900251DD2A87F0B43320EDD"
"D:\kwaay-formal\submissions\formalise2027\main.fdb_latexmk"	"2AC176F860F7245DC63D7017FEAACF14FAF5D89CCA4A0BB2C562BFD01F78F0B9"
"D:\kwaay-formal\submissions\formalise2027\main.fls"	"94376BA29305AF48A9DE6C2B020A4A8C4104828336A666775DEF8574A2935C61"
"D:\kwaay-formal\submissions\formalise2027\main.log"	"C8980AF8A4BB46B7959043F36CB9D339A45EBECAD18C706D30B570D007F06D4C"
"D:\kwaay-formal\submissions\formalise2027\main.out"	"9DB16768801EEF0BBBDB02FA4A51A9D272EF8615AF6FF859B0C0874036716CE3"
"D:\kwaay-formal\submissions\formalise2027\main.pdf"	"4A0150A0529831A2A9C658CB381397305AC7A65A1943F4C2C0624F56D9D9C399"
"D:\kwaay-formal\submissions\formalise2027\main.tex"	"C58DE8CD6214BB513F5A8E6B7A10C19070233CA36D2DC65866620A657E6CACAD"
"D:\kwaay-formal\submissions\formalise2027\paper-content.tex"	"1970ACC93C865567961E1347A30102C55BC5D4F373AAA357CE5F35B731260C3F"
"D:\kwaay-formal\submissions\formalise2027\README.md"	"6802DE20E3849C434DB8A76D6255DB9AC4B23E6DACB0BB1306A9D98CAEA7268E"
"D:\kwaay-formal\submissions\formalise2027\appendix\appendix.tex"	"3A3752832409A86B681957E05CF91392130E00C05C8234A0D5BAC24DBC0668E9"
"D:\kwaay-formal\submissions\formalise2027\appendix\model-properties.tex"	"11B0E57F0BB1F36E33BFAE4A01E5DC19A661BD07A2B8000D19CD6728AA695EE2"
"D:\kwaay-formal\submissions\formalise2027\appendix\reproducibility.tex"	"E932E7FB4301C75E0A9CB3AA895929AF8CA6B970C4B96C618EB7A9E955C8C494"
"D:\kwaay-formal\submissions\formalise2027\appendix\trace-details.tex"	"5FED0D2A028F7CEF1D159809105A2B8CBF1BBDEF46712E8157A50193A451B617"
"D:\kwaay-formal\submissions\formalise2027\bibliography\references.bib"	"8A0A5A75D4C0294049FBAC13B4CB74907E06729729D24051733B4DC8D9E04714"
"D:\kwaay-formal\submissions\formalise2027\build-review\contact-1.png"	"B88067E4C63383904A7B7FA6E4C737E06E711C67C744D84AFA6391C27EC60CA5"
"D:\kwaay-formal\submissions\formalise2027\build-review\contact-2.png"	"2B844E5A46B6B4ABB9F4A2F137446399D1004EFBEA0CA7A672C925D45C86DD75"
"D:\kwaay-formal\submissions\formalise2027\build-review\contact-3.png"	"42972F1A3F874C25CEDD67CC075BA8D9EC027F7E0CE850C3CD7876A5C2FFAAC6"
"D:\kwaay-formal\submissions\formalise2027\build-review\detail-10.png"	"AB1CCD4AC35FD7470E01EB1A5243577E733EAA0F769D27699B1C6100AE1AC46C"
"D:\kwaay-formal\submissions\formalise2027\build-review\detail-17.png"	"32D414FA0732FB3035487B6E81DA2CCDAD88A663E1FDD947DB4384C5E7C1B3CE"
"D:\kwaay-formal\submissions\formalise2027\build-review\page-01.png"	"E0ABEB6666F9050CC72F7EF95543BE69F2734EC258959B50F7C4DC699B250132"
"D:\kwaay-formal\submissions\formalise2027\build-review\page-02.png"	"8B3C78E37B99A1DE991E7636C10FA328484899F6DE9CD9C70A1127BAF5A6531A"
"D:\kwaay-formal\submissions\formalise2027\build-review\page-03.png"	"9B8DB52D93B9DC189BB652870E171F3F4B5A31CF6302BFEC6C3144A5D3D7C1AB"
"D:\kwaay-formal\submissions\formalise2027\build-review\page-04.png"	"8BEE99FAB320FB13CE78B1F858C6627514B8B5622FCFE511B2617FEA247654D1"
"D:\kwaay-formal\submissions\formalise2027\build-review\page-05.png"	"250BDD8C875595545B467773BFD5D274833A66F96A13ECA24C5D07AC9C25E4D8"
"D:\kwaay-formal\submissions\formalise2027\build-review\page-06.png"	"FFA23D5FD8032E22220ACF17ADE041EF5A04B060CDE02895B75E5D5891BCB061"
"D:\kwaay-formal\submissions\formalise2027\build-review\page-07.png"	"B5D35DBDC79CCE890064464444776ADA827681FE9B75A33D95A20AB2E565C16B"
"D:\kwaay-formal\submissions\formalise2027\build-review\page-08.png"	"5D241DF0DCBE581872906E7F7ECE4D971BEF8EB0CD47D414E92414FF524A3B37"
"D:\kwaay-formal\submissions\formalise2027\build-review\page-09.png"	"87413C0735B2DFC4BC8053156724D0738EC3D9200983522C58F3395F04AAC366"
"D:\kwaay-formal\submissions\formalise2027\build-review\page-10.png"	"795EDBCB035AD277590BD53FC11FE635E89944B132BD14C908E1ACC8483FB0AC"
"D:\kwaay-formal\submissions\formalise2027\build-review\page-11.png"	"6B5B49675C53488EEB636003544CAE3487755A33F87EDE76CB904226ADB6A5C6"
"D:\kwaay-formal\submissions\formalise2027\build-review\page-12.png"	"6A890F4914C66542DE6965066D232740FC172E75566E7DEF044A8E64A68E94CC"
"D:\kwaay-formal\submissions\formalise2027\build-review\page-13.png"	"AC802F6E38BA7CB286DA166B93BAD64461F29103E7CA8428EF51CDCD80AB896F"
"D:\kwaay-formal\submissions\formalise2027\build-review\page-14.png"	"E4E3DBC3BF33FA0CE250E045E66F461679B2B0E2350826CFA215D2DB2177C36E"
"D:\kwaay-formal\submissions\formalise2027\build-review\page-15.png"	"B77977D8455E88A79CBB2D1C9953A1594F7931D60009F4E0CC34F39ABCAAE146"
"D:\kwaay-formal\submissions\formalise2027\build-review\page-16.png"	"321898B32DB1CE3A3B7EA9E42A6B4FD11C9572605B92EDAA86626F574BD2FBE5"
"D:\kwaay-formal\submissions\formalise2027\build-review\page-17.png"	"DC74618113AF675F96C0EB21BFBC01ABE6A9C9F1B0C0A67F486360B0834B0D70"
"D:\kwaay-formal\submissions\formalise2027\figures\tikz\attack-trace.tex"	"71B5DA6B619581FF19F5B8893258C0DB7B4A02CEFCE92E2796378A50E28692C9"
"D:\kwaay-formal\submissions\formalise2027\figures\tikz\identity-control-comparison.tex"	"1E4A6748530B5050215C66E13E6B3F659738DDDC81DDCD093BE84490B77CBB11"
"D:\kwaay-formal\submissions\formalise2027\notes\COPY_MANIFEST.tsv"	"345EBB998F34E4EE64B0E492088AD03068A90E9703B679C24340600359525A1E"
"D:\kwaay-formal\submissions\formalise2027\notes\FORMALISE_PLAN.md"	"DA8DC0321FD2BDF108F0AD087C665BB6F953B2A19F88A2E7FBCCBD1211636BD5"
"D:\kwaay-formal\submissions\formalise2027\notes\FORMALISE_SETUP_REPORT.md"	"85EAB0A5D6E37BD0306C313CDDD40F8B11330A7943AFA279BEF97348C0BC70C2"
"D:\kwaay-formal\submissions\formalise2027\preamble\macros.tex"	"F423CEF6AE134930826D3E515094794BBA0D9ABA8D803362BA0BF9100255E0CF"
"D:\kwaay-formal\submissions\formalise2027\preamble\metadata.tex"	"AC539570AFCEC4F47EA1C6601ABA2B3E9634D246E2436CD91DD53E6BF6CD8496"
"D:\kwaay-formal\submissions\formalise2027\preamble\packages.tex"	"15041E712DF2473989AC33DD7D65FBB885735C03020D5A1E95BFDFF1C79289CF"
"D:\kwaay-formal\submissions\formalise2027\sections\00-abstract.tex"	"3B31B7FD6F13881EE22179EC29F5C72FFE15A1E3ABE2DD1D173AE6B7FB591AA1"
"D:\kwaay-formal\submissions\formalise2027\sections\01-introduction.tex"	"7E6FE85A47D4F41A2E10D50E4E071743D06EE4C9C615AFA4AE8C59D45AED1874"
"D:\kwaay-formal\submissions\formalise2027\sections\02-batchreceive-identity-problem.tex"	"D61DD2A9B8FC5E6F9B5CD88A243EC78630228B446854E621E3B0518103940B27"
"D:\kwaay-formal\submissions\formalise2027\sections\03-security-objective-threat-model.tex"	"AE430BA94F75F602CBF24527F4650912DFD261347F4EF9F31177AEEEA25DFEAD"
"D:\kwaay-formal\submissions\formalise2027\sections\04-formal-modeling.tex"	"9CB3587D6A755FA3125DB290ED042D37DCE680CDDB875FBAB6777BE53D6EBE77"
"D:\kwaay-formal\submissions\formalise2027\sections\05-formal-analysis.tex"	"401A3D58D4DF989825D9654E4B2FB9909AFB46897684C5B8D24F28FCF446B0B3"
"D:\kwaay-formal\submissions\formalise2027\sections\06-discussion.tex"	"30BAAE5A5C9998C9815A2EFD80C7CC209E659CEFE4460DDF2F2FC06BFA515E2D"
"D:\kwaay-formal\submissions\formalise2027\sections\07-related-work.tex"	"0856A97B6EE0547A47C17C69238A916A21660F2A42FB295AE57A7DA9B9B5664A"
"D:\kwaay-formal\submissions\formalise2027\sections\08-conclusion.tex"	"E6F0C1E487309F975DFD1AB3995B836F00FFC609BDEC362CFD8984B80CE29FAD"
"D:\kwaay-formal\submissions\formalise2027\tables\model-comparison.tex"	"CD95A2BDAE15E44DAF69F25C9DB5E224E6B569EF1E994C969C94233528691AAF"
"D:\kwaay-formal\submissions\formalise2027\tables\verification-results.tex"	"3E6304A8108A0EBF7F60BA8C0CC4E967C82C6E057D078FE49A94F6DA95C23185"
