source_id	title	official_url	page_updated_date	accessed_date	source_type	download_filename	local_path	sha256	has_download_attachment	attachment_names	download_urls	attachment_local_paths	text_snapshot	notes
P01	投稿须知 - 《计算机应用研究》编辑部官方网站	https://www.arocmag.cn/info/instruction/instructions	2024-06-26	2026-10-01T12:47:15.796052+08:00	page		snapshots/P01.html	1a1ec0b1154ad591f79fa7b5a33300bc5b1b8c9d51aea695bf146200526ace27	NO_SUBMISSION_ATTACHMENT_FOUND				snapshots/P01.txt	系统投稿；Word优先/PDF可用；不收常规email和打印稿；不新增作者；审稿1-2个月/100天；录用后版面费；CCF第一作者85折；优先数字出版。正文部分旧.com链接不沿用。
P02	投稿模板 - 《计算机应用研究》编辑部官方网站	https://www.arocmag.cn/info/instruction/template	2024-06-26	2026-10-01T12:47:15.796052+08:00	page		snapshots/P02.html	6589437774e2c1b876d089265ce8f306d69ed8c6295976030f3640a080715cf5	YES	投稿编辑模板-计算机应用研究.doc	https://www.arocmag.cn/download/template	official/templates/投稿编辑模板-计算机应用研究.doc	snapshots/P02.txt	"MathType；OMML转换；尽量矢量EMF并嵌入到文字；编辑部会重排。旧go下载链接仅保留证据，原文件从.cn下载页获取。 原页其他/旧附件链接=[{""text"":""下载 投稿模板(doc)"",""url"":""http://go.arocmag.com/?LinkId=468801""}]"
P03	常用文档下载 - 《计算机应用研究》编辑部官方网站	https://www.arocmag.cn/download	NOT OFFICIALLY SPECIFIED	2026-10-01T12:47:15.796052+08:00	page		snapshots/P03.html	37c341d06d23355da7a942b0906464f5b11a793cfb7f8001921a1b71c5da8e24	YES	著作权转让承诺书及保密审查证明-计算机应用研究.dotx | 题目及作者变更申请书-计算机应用研究.doc | 投稿编辑模板-计算机应用研究.doc | 参考文献编写快速指南-计算机应用研究.pdf | 参考文献编写规则-计算机应用研究.pdf	https://www.arocmag.cn/download/agreement | https://www.arocmag.cn/download/requisition | https://www.arocmag.cn/download/template | https://www.arocmag.cn/download/cite-tutorial | https://www.arocmag.cn/download/cite-regulations	official/forms/著作权转让承诺书及保密审查证明-计算机应用研究.dotx | official/forms/题目及作者变更申请书-计算机应用研究.doc | official/templates/投稿编辑模板-计算机应用研究.doc | official/guidelines/参考文献编写快速指南-计算机应用研究.pdf | official/guidelines/参考文献编写规则-计算机应用研究.pdf	snapshots/P03.txt	5种官方附件及各自更新时间；月刊版权全体同意和单位盖章保密材料。列表本身无单一更新时间。
P04	摘要编写要求 - 《计算机应用研究》编辑部官方网站	https://www.arocmag.cn/info/instruction/abstract-instruction	2022-07-24	2026-10-01T12:47:15.796052+08:00	page		snapshots/P04.html	4efd93ccef22f9d04271e80d01bd7e4321ae02ef0c17aa1273e5573dd9795d08	NO_SUBMISSION_ATTACHMENT_FOUND				snapshots/P04.txt	中文200-300字、第三人称、自含性；英文过去时/结论现在时；EI一般150词建议。与F01中文摘要长度不一致。
P05	常见问题及解答 - 《计算机应用研究》编辑部官方网站	https://www.arocmag.cn/info/instruction/faq	2022-08-19	2026-10-01T12:47:26.782164+08:00	page		snapshots/P05.html	f503d4addeff17b31afd26896ebce4704012dae4af8eeb64e3b5701c66ab14d6	NO_SUBMISSION_ATTACHMENT_FOUND				snapshots/P05.txt	不刊登英文稿；系统投稿；送审不更新；旧邮箱/审稿费口径/邮寄发票描述与较新页不同。
P06	计算机应用研究	https://www.arocmag.cn/	NOT OFFICIALLY SPECIFIED	2026-10-01T12:47:26.782164+08:00	page		snapshots/P06.html	b823119d1a3a65006ccd282ebe9a27c29f384c9a574af0d790ba6ae6a97f7bfd	NO_SUBMISSION_ATTACHMENT_FOUND				snapshots/P06.txt	期刊身份、作者登录、投稿必读（指向P01）、防假冒提示、.cn域名/邮箱；明确四川省科技厅主管。无整页更新时间，新闻日期不是页面更新时间。
P07	稿件处理流程 - 《计算机应用研究》编辑部官方网站	https://www.arocmag.cn/info/instruction/procedure	2026-08-04	2026-10-01T12:47:26.782164+08:00	page		snapshots/P07.html	95f14714a7b391f46c864ff71664ac6a3e03a244ed95fd122bf593b63b6426eb	NO_SUBMISSION_ATTACHMENT_FOUND				snapshots/P07.txt	最新处理流程：初审10工作日、外审1个月、终审1-2周；缴费修稿、电子发票、优先出版、PDF校对。
P08	TP类中图分类号 - 《计算机应用研究》编辑部官方网站	https://www.arocmag.cn/info/instruction/clc	2022-07-24	2026-10-01T12:47:26.782164+08:00	page		snapshots/P08.html	9daa4bd46843b29042fa57fe61034409b3b4611dbb5c778c3d22a0b75555b12c	NO_SUBMISSION_ATTACHMENT_FOUND				snapshots/P08.txt	TP分类目录，只记录规则，未选当前论文分类号。
F01	投稿编辑模板-计算机应用研究.doc	https://www.arocmag.cn/download/template	2023-10-13 16:41:40	2026-10-01T12:47:26.782164+08:00	templates	投稿编辑模板-计算机应用研究.doc	official/templates/投稿编辑模板-计算机应用研究.doc	baf9fce8b2bc56f2320c8bf4541546e43f48a8f3a1c773b40667d7b2a7b872cb	NO_SUBMISSION_ATTACHMENT_FOUND					官网原件；3页；只读打开；2个MathType对象；首页基金作者页脚；摘要200字以内；原件SAVEDATE缓存2021/07/27。
F02	参考文献编写规则-计算机应用研究.pdf	https://www.arocmag.cn/download/cite-regulations	2023-10-13 16:47:27	2026-10-01T12:47:26.782164+08:00	guidelines	参考文献编写规则-计算机应用研究.pdf	official/guidelines/参考文献编写规则-计算机应用研究.pdf	1e508db2e0ed56077fd7478537e760b6d7eac04beddf32ccf5e78f2467fb0d3d	NO_SUBMISSION_ATTACHMENT_FOUND					22页，正文版本ver2.2.4，2018/04/02；完整文本已读取；本刊参考GB/T7714-2005。
F03	参考文献编写快速指南-计算机应用研究.pdf	https://www.arocmag.cn/download/cite-tutorial	2023-10-13 16:45:05	2026-10-01T12:47:26.782164+08:00	guidelines	参考文献编写快速指南-计算机应用研究.pdf	official/guidelines/参考文献编写快速指南-计算机应用研究.pdf	e904ca4a4395dc5bbd2493a22c88126b3238690042b9dcd22ecaee4d2bfbd8f0	NO_SUBMISSION_ATTACHMENT_FOUND					6页，正文版本ver2.2.4 lite，2018/04/02；完整文本已读取；细则以F02为准。
F04	著作权转让承诺书及保密审查证明-计算机应用研究.dotx	https://www.arocmag.cn/download/agreement	2024-05-17 16:57:32	2026-10-01T12:47:26.782164+08:00	forms	著作权转让承诺书及保密审查证明-计算机应用研究.dotx	official/forms/著作权转让承诺书及保密审查证明-计算机应用研究.dotx	e5030fc86b15c7b7cd55570fee9d2dfe7a299c959383360ca2521f6242eb1778	NO_SUBMISSION_ATTACHMENT_FOUND					实际后缀.dotx；保密证明单位盖章、版权全体作者签字；已打开检查。
F05	题目及作者变更申请书-计算机应用研究.doc	https://www.arocmag.cn/download/requisition	2023-10-13 16:38:02	2026-10-01T12:47:26.782164+08:00	forms	题目及作者变更申请书-计算机应用研究.doc	official/forms/题目及作者变更申请书-计算机应用研究.doc	e75a656b200ac50179fb6318edebfd021f4de710c05e13b5c4fd393291ce1e92	NO_SUBMISSION_ATTACHMENT_FOUND					原件.doc已打开检查；禁止新增作者、原作者签名、第一作者身份证。
P09	关于《计算机应用研究》 - 《计算机应用研究》编辑部官方网站	https://www.arocmag.cn/info/about/journal	2024-10-09	2026-10-01T12:51:28.984086+08:00	page		snapshots/P09.html	16d844957fabaaaf31dbbef65bf37e5515873b0a9c5e964be58cc5131cbefef3	NO_SUBMISSION_ATTACHMENT_FOUND				snapshots/P09.txt	主办单位、ISSN/CN、办刊范围、唯一业务域名.cn和邮箱.cn。
P10	版权转让协议 及 保密审查证明 - 《计算机应用研究》编辑部官方网站	https://www.arocmag.cn/info/instruction/agreement	2022-08-19	2026-10-01T12:51:28.984086+08:00	page		snapshots/P10.html	6db6847454a4325388ee0fb3e7e5a52693bdb380e99a8c7467d2bc01adca9656	YES	201912121738250Y.dotx	https://www.arocmag.cn/UpFile/doc/201912121738250Y.dotx	official/forms/201912121738250Y.dotx	snapshots/P10.txt	"旧版版权协议说明、扫描发送步骤；旧.com邮箱及增加作者措辞与较新材料不一致。直链F06与F04同哈希。 原页其他/旧附件链接=[{""text"":""下载 《计算机应用研究》杂志稿件版权转让协议书及保密审查证明"",""url"":""https://www.arocmag.cn/UpFile/doc/201912121738250Y.dotx""}]"
P11	题目、作者变更申请书 - 《计算机应用研究》编辑部官方网站	https://www.arocmag.cn/info/instruction/requistion	2022-07-24	2026-10-01T12:51:28.984086+08:00	page		snapshots/P11.html	dc48062fc92805961b38767e0d9814350ec6d68ac35bad57d6c1ea49a88e5413	YES	题目及作者变更申请书-计算机应用研究.doc	https://www.arocmag.cn/download/requisition	official/forms/题目及作者变更申请书-计算机应用研究.doc	snapshots/P11.txt	"禁止新增作者、全部原作者签名、第一作者身份证；旧附件直链404，最新版从P03取得F05。 原页其他/旧附件链接=[{""text"":""下载 《计算机应用研究》题目、作者变更申请书"",""url"":""https://www.arocmag.cn/UpFile/201405/计算机应用研究题目及作者变更申请书.doc""}]"
P12	PDF清样稿修改批注方法 - 《计算机应用研究》编辑部官方网站	https://www.arocmag.cn/info/instruction/comment	2022-07-24	2026-10-01T12:51:28.984086+08:00	page		snapshots/P12.html	b19b1962cd0c697d250cbb4627f8fec6ad02607aa19613fa2dfc9ad4b3ab7660	NO_SUBMISSION_ATTACHMENT_FOUND				snapshots/P12.txt	PDF清样修改批注方法，页面示例不作为独立模板。
P13	投稿要求 - 《计算机应用研究》编辑部官方网站	https://www.arocmag.cn/info/instruction	NOT OFFICIALLY SPECIFIED	2026-10-01T12:51:28.984086+08:00	page		snapshots/P13.html	e6d41a35d22285c671760020a78653f78d41907eae16a6572e1956c6d153cfd6	NO_SUBMISSION_ATTACHMENT_FOUND				snapshots/P13.txt	投稿要求栏目入口，与P01-P12交叉核对。
P14	本刊投稿优先采用条件 - 《计算机应用研究》编辑部官方网站	https://www.arocmag.cn/info/announce/preferred-conditions	2024-06-19	2026-10-01T12:51:28.984086+08:00	page		snapshots/P14.html	2b92fe5fe2638b4ebfd1c15fc6177edd0e572636ccd7cefd99e4dc945f6ad8f7	NO_SUBMISSION_ATTACHMENT_FOUND				snapshots/P14.txt	四类优先采用文稿；综述/算法/软件方向；基金准确名称和编号。不是页数规则。
P15	2026年第7期 - 《计算机应用研究》编辑部官方网站	https://www.arocmag.cn/issue/202607	NOT OFFICIALLY SPECIFIED	2026-10-01T12:51:28.984086+08:00	page		snapshots/P15.html	803aeb9ac1ec62c17dca995973ac5b375b16e2b25566e901911ada3d524baf6d	NO_SUBMISSION_ATTACHMENT_FOUND				snapshots/P15.txt	2026年7期正式目录，信息安全技术栏目。刊期不是页面更新时间。
P16	2025年第4期 - 《计算机应用研究》编辑部官方网站	https://www.arocmag.cn/issue/202504	NOT OFFICIALLY SPECIFIED	2026-10-01T12:51:28.984086+08:00	page		snapshots/P16.html	d0e43fc806d10315db538d8a36196b7fdf4947e6ec4a895bad6427e2064d7b56	NO_SUBMISSION_ATTACHMENT_FOUND				snapshots/P16.txt	2025年4期正式目录，信息安全技术栏目。刊期不是页面更新时间。
A01	无线传感器网络中基于PUF的轻量级多网关身份认证协议 - 《计算机应用研究》编辑部官方网站	https://www.arocmag.cn/abs/2024.06.0249	NOT OFFICIALLY SPECIFIED	2026-10-01T12:51:28.984086+08:00	official_article_abstract		snapshots/A01.html	fc8efc25135949d6c7f09436c4eddb632efd02018e1ffc05bc6b1d224c6fce94	ARTICLE_FULLTEXT_NOT_REQUESTED				snapshots/A01.txt	已打开摘要；正式出版日期=2025-04-05；2025,42(4):1230-1238；信息安全技术；随机预言模型+ProVerif；PUF多网关身份认证；发布历史不冒充页面更新时间。
A02	多网关无线医疗传感器网络中基于PUF的轻量级匿名认证协议 - 《计算机应用研究》编辑部官方网站	https://www.arocmag.cn/abs/2024.12.0536	NOT OFFICIALLY SPECIFIED	2026-10-01T12:51:28.984086+08:00	official_article_abstract		snapshots/A02.html	cee226f15d33ce21e056315eb4187bb1651c791e8679e46e1aa4d6c9021abb28	ARTICLE_FULLTEXT_NOT_REQUESTED				snapshots/A02.txt	已打开摘要；正式出版日期=2025-10-05；2025,42(10):3152-3158；信息安全技术；ROR Oracle+Proverif；医疗传感器匿名认证；发布历史不冒充页面更新时间。
A03	一种雾计算辅助的工业物联网四方高效认证协议 - 《计算机应用研究》编辑部官方网站	https://www.arocmag.cn/abs/2025.05.0221	NOT OFFICIALLY SPECIFIED	2026-10-01T12:51:28.984086+08:00	official_article_abstract		snapshots/A03.html	aea9c3b7a68b1fe1ca9352abec5e190197c75d792d2f3ca5d09ec942d8008ef7	ARTICLE_FULLTEXT_NOT_REQUESTED				snapshots/A03.txt	已打开摘要；正式出版日期=2026-02-05；2026,43(2):588-595；信息安全技术；四方雾计算认证；ECC/PUF；摘要未声明符号工具；发布历史不冒充页面更新时间。
A04	一种基于格的轻量级多因素认证密钥交换协议 - 《计算机应用研究》编辑部官方网站	https://www.arocmag.cn/abs/2025.08.0441	NOT OFFICIALLY SPECIFIED	2026-10-01T12:51:28.984086+08:00	official_article_abstract		snapshots/A04.html	62d0c5717b7597e02377ee2495361a4a1bfbb23816122348132de482258320d0	ARTICLE_FULLTEXT_NOT_REQUESTED				snapshots/A04.txt	已打开摘要；正式出版日期=2026-07-05；2026,43(7):2164-2172；信息安全技术；RLWE多因素AKE；ROR形式化分析；发布历史不冒充页面更新时间。
A05	适用于智能医疗的匿名基于身份的认证密钥协商协议 - 《计算机应用研究》编辑部官方网站	https://www.arocmag.cn/abs/2024.02.0163	NOT OFFICIALLY SPECIFIED	2026-10-01T12:51:28.984086+08:00	official_article_abstract		snapshots/A05.html	2d56c40f461ebf1b66931d64a1eb7be7e7fc717177800fec9fe2f14b6f5150e5	ARTICLE_FULLTEXT_NOT_REQUESTED				snapshots/A05.txt	已打开摘要；正式出版日期=2025-01-05；2025,42(1):282-287；信息安全技术；ID-BJM模型/RLWE；后量子身份认证；发布历史不冒充页面更新时间。
A06	基于定理证明的UML多视图模型良构一致性验证方法 - 《计算机应用研究》编辑部官方网站	https://www.arocmag.cn/abs/2025.05.0220	NOT OFFICIALLY SPECIFIED	2026-10-01T12:51:28.984086+08:00	official_article_abstract		snapshots/A06.html	33b02b0ae23ac174b4722b25ece7d142c26964b6de5b94cb7094feba0725c31b	ARTICLE_FULLTEXT_NOT_REQUESTED				snapshots/A06.txt	已打开摘要；正式出版日期=2026-02-05；2026,43(2):577-587；信息安全技术；UML结构映射和Coq一致性证明；发布历史不冒充页面更新时间。
A07	基于Tamarin的MQTT协议安全性分析方法 - 《计算机应用研究》编辑部官方网站	https://www.arocmag.cn/abs/2023.02.0038	NOT OFFICIALLY SPECIFIED	2026-10-01T12:51:28.984086+08:00	official_article_abstract		snapshots/A07.html	d81562e8803a192cb522113957bfd6387c4b74fb0555ae42b4b564cc20351f28	ARTICLE_FULLTEXT_NOT_REQUESTED				snapshots/A07.txt	已打开摘要；正式出版日期=2023-10-05；2023,40(10):3132-3137,3143；信息安全技术；Tamarin/MQTT3.1.1；历史方法证据，不计近两年；发布历史不冒充页面更新时间。
A08	基于安全协议代码的形式化辅助建模研究 - 《计算机应用研究》编辑部官方网站	https://www.arocmag.cn/abs/2022.08.0446	NOT OFFICIALLY SPECIFIED	2026-10-01T12:51:28.984086+08:00	official_article_abstract		snapshots/A08.html	73a9948f5987c4c5880e4c040dcb53df5b44b6bcdd12974dadc39b49bb27c5f0	ARTICLE_FULLTEXT_NOT_REQUESTED				snapshots/A08.txt	已打开摘要；正式出版日期=2023-04-05；2023,40(4):1189-1193,1202；信息安全技术；协议代码辅助建模/Tamarin；历史方法证据，不计近两年；发布历史不冒充页面更新时间。
P17	关于《计算机应用研究》杂志征稿的郑重申明 - 《计算机应用研究》编辑部官方网站	https://www.arocmag.cn/info/announce/article-desired	2024-06-26	2026-10-01T12:55:05.672299+08:00	page		snapshots/P17.html	7d0667db445fabd2248a66d97c98039cfb23db9880be552979e31beb1d865df2	NO_SUBMISSION_ATTACHMENT_FOUND				snapshots/P17.txt	旧防假冒声明仍含arocmag.com和joural拼写；与较新P09及现首页不一致，不沿用。
P18	本刊针对处理学术不端行为办法的公告 - 《计算机应用研究》编辑部官方网站	https://www.arocmag.cn/info/announce/misconduct	2024-06-19	2026-10-01T12:55:05.672299+08:00	page		snapshots/P18.html	e03d76503a0b947cd6055f8c67bf3d07b8762fe5b623f0235e3460e01aae36e6	NO_SUBMISSION_ATTACHMENT_FOUND				snapshots/P18.txt	学术不端处理公告；只作投稿政策背景，不作法律解释。
P19	登录投稿系统 - 《计算机应用研究》编辑部官方网站	https://www.arocmag.cn/login/author	NOT OFFICIALLY SPECIFIED	2026-10-01T12:55:05.672299+08:00	page		snapshots/P19.html	2535c7fef4427d49049859400e83910c2f78c266661974c6ff528d828efb9bf6	NO_SUBMISSION_ATTACHMENT_FOUND				snapshots/P19.txt	实际GET打开.cn登录入口；没有登录、注册或提交表单。
F06	201912121738250Y.dotx	https://www.arocmag.cn/UpFile/doc/201912121738250Y.dotx	NOT OFFICIALLY SPECIFIED	2026-10-01T12:55:05.672299+08:00	forms	201912121738250Y.dotx	official/forms/201912121738250Y.dotx	e5030fc86b15c7b7cd55570fee9d2dfe7a299c959383360ca2521f6242eb1778	NO_SUBMISSION_ATTACHMENT_FOUND					P10所链旧路径下载的原始.dotx；字节与F04完全一致，属于同一内容别名，不是第6种独立材料。
F07-BLOCKED	P11旧作者变更表直链	https://www.arocmag.cn/UpFile/201405/计算机应用研究题目及作者变更申请书.doc	NOT OFFICIALLY SPECIFIED	2026-10-01	download_attempt_failed	计算机应用研究题目及作者变更申请书.doc								HTTP404；无附件本地实体；同用途原文件F05已从官方常用下载页成功获取。
