object_index,kind,paragraph_index,display_number,math_text,paragraph_context,mathtype_converted,editable_in_mathtype,symbols_verified,visual_verified,notes
1,display-member,26,,"S=((pkⱼ₁,prekⱼ₁,mⱼ₁),…,
(pkⱼ₍d₎,prekⱼ₍d₎,mⱼ₍d₎)),
d≥ 1,","S=((pkⱼ₁,prekⱼ₁,mⱼ₁),…, (pkⱼ₍d₎,prekⱼ₍d₎,mⱼ₍d₎)), d≥ 1,",[ ],[ ],[ ],[ ],
2,display-member,32,1,"Eᵢ=(Aᵢ,oidᵢ,mᵢ),","Eᵢ=(Aᵢ,oidᵢ,mᵢ),(1)",[ ],[ ],[ ],[ ],
3,inline,33,,Aᵢ,其中，Aᵢ是参与方分量，oidᵢ是发送实例标识，mᵢ是消息分量。中文稿中的oid对应Tamarin源模型的sid，表示一次SendMessage规则实例化产生的发送实例，不是完整协议的会话标识、transcript或事件时间点。式(1)仅用于分析，不表示协议线路编码。,[ ],[ ],[ ],[ ],
4,inline,33,,oidᵢ,其中，Aᵢ是参与方分量，oidᵢ是发送实例标识，mᵢ是消息分量。中文稿中的oid对应Tamarin源模型的sid，表示一次SendMessage规则实例化产生的发送实例，不是完整协议的会话标识、transcript或事件时间点。式(1)仅用于分析，不表示协议线路编码。,[ ],[ ],[ ],[ ],
5,inline,33,,mᵢ,其中，Aᵢ是参与方分量，oidᵢ是发送实例标识，mᵢ是消息分量。中文稿中的oid对应Tamarin源模型的sid，表示一次SendMessage规则实例化产生的发送实例，不是完整协议的会话标识、transcript或事件时间点。式(1)仅用于分析，不表示协议线路编码。,[ ],[ ],[ ],[ ],
6,inline,33,,oid,其中，Aᵢ是参与方分量，oidᵢ是发送实例标识，mᵢ是消息分量。中文稿中的oid对应Tamarin源模型的sid，表示一次SendMessage规则实例化产生的发送实例，不是完整协议的会话标识、transcript或事件时间点。式(1)仅用于分析，不表示协议线路编码。,[ ],[ ],[ ],[ ],
7,inline,33,,sid,其中，Aᵢ是参与方分量，oidᵢ是发送实例标识，mᵢ是消息分量。中文稿中的oid对应Tamarin源模型的sid，表示一次SendMessage规则实例化产生的发送实例，不是完整协议的会话标识、transcript或事件时间点。式(1)仅用于分析，不表示协议线路编码。,[ ],[ ],[ ],[ ],
8,inline,42,,A,A,[ ],[ ],[ ],[ ],
9,inline,43,,A,A,[ ],[ ],[ ],[ ],
10,inline,47,,oid,oid,[ ],[ ],[ ],[ ],
11,inline,48,,sid,sid,[ ],[ ],[ ],[ ],
12,inline,52,,m,m,[ ],[ ],[ ],[ ],
13,inline,53,,m,m,[ ],[ ],[ ],[ ],
14,inline,57,,i,i,[ ],[ ],[ ],[ ],
15,inline,62,,"(bid,rst)","(bid,rst)",[ ],[ ],[ ],[ ],
16,inline,63,,"(bid,rst)","(bid,rst)",[ ],[ ],[ ],[ ],
17,inline,67,,"(bid,rst)","表1中的维度具有不同作用：槽位和(bid,rst)限定条目所在的批次上下文，消息分量区分符号消息，发送实例标识区分具体发送，参与方分量则是目标条件比较的对象。A表示符号模型中的协议主体，不自动等同于账户、公钥字节串或数据库记录；具体系统仍需说明实现对象到参与方投影的映射。",[ ],[ ],[ ],[ ],
18,inline,67,,A,"表1中的维度具有不同作用：槽位和(bid,rst)限定条目所在的批次上下文，消息分量区分符号消息，发送实例标识区分具体发送，参与方分量则是目标条件比较的对象。A表示符号模型中的协议主体，不自动等同于账户、公钥字节串或数据库记录；具体系统仍需说明实现对象到参与方投影的映射。",[ ],[ ],[ ],[ ],
19,inline,68,,"(A,oid₁,m₁)","考虑候选条目(A,oid₁,m₁)和(A,oid₂,m₂)，其中oid₁≠oid₂且m₁≠ m₂。二者来自不同发送实例并携带不同消息，但参与方投影相同。这一最小实例说明，消息或发送实例互异在静态关系上不能保证参与方互异；其是否构成模型中的实际行为，还需通过共同生命周期的可达性验证。",[ ],[ ],[ ],[ ],
20,inline,68,,"(A,oid₂,m₂)","考虑候选条目(A,oid₁,m₁)和(A,oid₂,m₂)，其中oid₁≠oid₂且m₁≠ m₂。二者来自不同发送实例并携带不同消息，但参与方投影相同。这一最小实例说明，消息或发送实例互异在静态关系上不能保证参与方互异；其是否构成模型中的实际行为，还需通过共同生命周期的可达性验证。",[ ],[ ],[ ],[ ],
21,inline,68,,oid₁≠oid₂,"考虑候选条目(A,oid₁,m₁)和(A,oid₂,m₂)，其中oid₁≠oid₂且m₁≠ m₂。二者来自不同发送实例并携带不同消息，但参与方投影相同。这一最小实例说明，消息或发送实例互异在静态关系上不能保证参与方互异；其是否构成模型中的实际行为，还需通过共同生命周期的可达性验证。",[ ],[ ],[ ],[ ],
22,inline,68,,m₁≠ m₂,"考虑候选条目(A,oid₁,m₁)和(A,oid₂,m₂)，其中oid₁≠oid₂且m₁≠ m₂。二者来自不同发送实例并携带不同消息，但参与方投影相同。这一最小实例说明，消息或发送实例互异在静态关系上不能保证参与方互异；其是否构成模型中的实际行为，还需通过共同生命周期的可达性验证。",[ ],[ ],[ ],[ ],
23,inline,77,,"B=(E₁,…,Eₙ)","设B=(E₁,…,Eₙ)为有序批次，party(Eᵢ)表示条目Eᵢ的参与方投影。批内参与方互异条件对应的目标为",[ ],[ ],[ ],[ ],
24,inline,77,,party(Eᵢ),"设B=(E₁,…,Eₙ)为有序批次，party(Eᵢ)表示条目Eᵢ的参与方投影。批内参与方互异条件对应的目标为",[ ],[ ],[ ],[ ],
25,inline,77,,Eᵢ,"设B=(E₁,…,Eₙ)为有序批次，party(Eᵢ)表示条目Eᵢ的参与方投影。批内参与方互异条件对应的目标为",[ ],[ ],[ ],[ ],
26,display-member,78,2,"DistinctPartyPerBatch(B)
≜
∀ 1≤ i<j≤ n,
party(Eᵢ)≠party(Eⱼ).","DistinctPartyPerBatch(B) ≜ ∀ 1≤ i<j≤ n, party(Eᵢ)≠party(Eⱼ).(2)",[ ],[ ],[ ],[ ],
27,inline,79,,n=2,该关系要求同批任意两个不同位置具有不同参与方投影，但不要求参与方、消息或发送实例在其他批次或其他执行中保持全局唯一。该定义适用于任意有限批次；机器分析采用最小非平凡情形n=2，此时目标化为A₁≠ A₂。,[ ],[ ],[ ],[ ],
28,inline,79,,A₁≠ A₂,该关系要求同批任意两个不同位置具有不同参与方投影，但不要求参与方、消息或发送实例在其他批次或其他执行中保持全局唯一。该定义适用于任意有限批次；机器分析采用最小非平凡情形n=2，此时目标化为A₁≠ A₂。,[ ],[ ],[ ],[ ],
29,inline,80,,"(A,oid,m)","攻击者具有标准Dolev–Yao符号网络能力，并在候选条目暴露后控制两槽批次的组合。攻击者可以保留、重放、选择和排列已有条目，既可以在两个槽位重复同一元组，也可以选择由同一参与方产生、分别具有匹配发送来源的两个不同元组。接收处理要求存在与完整(A,oid,m)匹配的发送来源。攻击者能够改变已有条目的组合方式，但不能据此生成诚实参与方内部状态或凭空构造匹配发送来源。",[ ],[ ],[ ],[ ],
30,inline,83,,"Send(A,oid,m)","Tamarin使用多集重写规则描述状态转换，并以动作事实记录迹性质引用的事件[6]。SendMessage规则复用持久事实!Party(A)，在每次实例化时生成新鲜值~ sid和~ m，形成一个发送实例及其消息。该规则记录Send(A,oid,m)，将(A,oid,m)暴露到符号网络，并保存持久事实!Sent(A,oid,m)。其中，oid标识模型中的一次发送实例，不表示完整协议会话或事件时间戳；!Sent是理想化的来源事实，不实现真实签名或认证过程。",[ ],[ ],[ ],[ ],
31,inline,83,,"(A,oid,m)","Tamarin使用多集重写规则描述状态转换，并以动作事实记录迹性质引用的事件[6]。SendMessage规则复用持久事实!Party(A)，在每次实例化时生成新鲜值~ sid和~ m，形成一个发送实例及其消息。该规则记录Send(A,oid,m)，将(A,oid,m)暴露到符号网络，并保存持久事实!Sent(A,oid,m)。其中，oid标识模型中的一次发送实例，不表示完整协议会话或事件时间戳；!Sent是理想化的来源事实，不实现真实签名或认证过程。",[ ],[ ],[ ],[ ],
32,inline,83,,oid,"Tamarin使用多集重写规则描述状态转换，并以动作事实记录迹性质引用的事件[6]。SendMessage规则复用持久事实!Party(A)，在每次实例化时生成新鲜值~ sid和~ m，形成一个发送实例及其消息。该规则记录Send(A,oid,m)，将(A,oid,m)暴露到符号网络，并保存持久事实!Sent(A,oid,m)。其中，oid标识模型中的一次发送实例，不表示完整协议会话或事件时间戳；!Sent是理想化的来源事实，不实现真实签名或认证过程。",[ ],[ ],[ ],[ ],
33,inline,84,,E₁,网络中的候选元组依次进入两个线性槽位。第一个收集状态保存E₁并开放第二个槽位，第二个状态保存E₂；两个槽位共享批次标识bid和接收方上下文rst。其中，rst仅表示模型中的共同上下文，不代表完整的接收方临时密码状态。,[ ],[ ],[ ],[ ],
34,inline,84,,E₂,网络中的候选元组依次进入两个线性槽位。第一个收集状态保存E₁并开放第二个槽位，第二个状态保存E₂；两个槽位共享批次标识bid和接收方上下文rst。其中，rst仅表示模型中的共同上下文，不代表完整的接收方临时密码状态。,[ ],[ ],[ ],[ ],
35,inline,84,,bid,网络中的候选元组依次进入两个线性槽位。第一个收集状态保存E₁并开放第二个槽位，第二个状态保存E₂；两个槽位共享批次标识bid和接收方上下文rst。其中，rst仅表示模型中的共同上下文，不代表完整的接收方临时密码状态。,[ ],[ ],[ ],[ ],
36,inline,84,,rst,网络中的候选元组依次进入两个线性槽位。第一个收集状态保存E₁并开放第二个槽位，第二个状态保存E₂；两个槽位共享批次标识bid和接收方上下文rst。其中，rst仅表示模型中的共同上下文，不代表完整的接收方临时密码状态。,[ ],[ ],[ ],[ ],
37,inline,84,,rst,网络中的候选元组依次进入两个线性槽位。第一个收集状态保存E₁并开放第二个槽位，第二个状态保存E₂；两个槽位共享批次标识bid和接收方上下文rst。其中，rst仅表示模型中的共同上下文，不代表完整的接收方临时密码状态。,[ ],[ ],[ ],[ ],
38,inline,85,,"(A,oid,m,bid,rst)","收集完成后，准入规则依据相应模型的约束进入拒绝状态或顺序处理状态。获准路径先记录批次准入事件BatchReceive，再依次处理槽位1和槽位2。每个处理步骤都必须匹配相应的!Sent(A,oid,m)，随后记录包含(A,oid,m,bid,rst)的ReceiverAccept 事件。该事件表示条目完成来源匹配并到达抽象接受边界，不等同于网络输入、完整K-Waay会话接受或密钥安装。由于!Sent是持久事实，当同一完整元组占据两个槽位时，两个处理步骤可以读取同一来源事实；该事件对应关系正是后续验证的对象。",[ ],[ ],[ ],[ ],
39,inline,89,,m₁≠ m₂,表2列出三种批次准入模型。无互异约束模型不比较消息或参与方分量，用于观察移除目标条件后的行为；消息互异约束模型仅要求m₁≠ m₂，用于检验消息关系能否替代参与方关系；参与方互异约束模型直接要求A₁≠ A₂，用作目标对照。三者仅改变同一抽象中的准入条件，不表示三套新协议或修复方案。,[ ],[ ],[ ],[ ],
40,inline,89,,A₁≠ A₂,表2列出三种批次准入模型。无互异约束模型不比较消息或参与方分量，用于观察移除目标条件后的行为；消息互异约束模型仅要求m₁≠ m₂，用于检验消息关系能否替代参与方关系；参与方互异约束模型直接要求A₁≠ A₂，用作目标对照。三者仅改变同一抽象中的准入条件，不表示三套新协议或修复方案。,[ ],[ ],[ ],[ ],
41,inline,103,,m,消息m,[ ],[ ],[ ],[ ],
42,inline,104,,m₁≠ m₂,m₁≠ m₂,[ ],[ ],[ ],[ ],
43,inline,108,,A,参与方A,[ ],[ ],[ ],[ ],
44,inline,109,,A₁≠ A₂,A₁≠ A₂,[ ],[ ],[ ],[ ],
45,inline,113,,"(A,oid,m)","除代表性执行的可达性外，模型还检查发送来源对应性、批内来源单射性、批内消息互异性和批内参与方互异性。发送来源对应性要求每个ReceiverAccept 都有一个更早且与完整(A,oid,m)匹配的Send。批内来源单射性（scoped occurrence injectivity）要求：在同一批次和接收方上下文中，不同接受事件不能对应同一个匹配发送来源。该性质描述本文作用域内的事件发生单射性，不是Lowe认证层次中的单射一致性[8]。表3列出四类性质的量词范围。",[ ],[ ],[ ],[ ],
46,inline,120,,"ReceiverAccept(A,oid,m,bid,rst)@r","ReceiverAccept(A,oid,m,bid,rst)@r推出存在s<r使Send(A,oid,m)@s成立",[ ],[ ],[ ],[ ],
47,inline,120,,s<r,"ReceiverAccept(A,oid,m,bid,rst)@r推出存在s<r使Send(A,oid,m)@s成立",[ ],[ ],[ ],[ ],
48,inline,120,,"Send(A,oid,m)@s","ReceiverAccept(A,oid,m,bid,rst)@r推出存在s<r使Send(A,oid,m)@s成立",[ ],[ ],[ ],[ ],
49,inline,121,,"(A,oid,m)","断言完整(A,oid,m)匹配，不是仅匹配A",[ ],[ ],[ ],[ ],
50,inline,121,,A,"断言完整(A,oid,m)匹配，不是仅匹配A",[ ],[ ],[ ],[ ],
51,inline,123,,"Send(A,oid,m)@s","同一Send(A,oid,m)@s早于两个坐标均为(A,oid,m,bid,rst)的接受事件时，推出r₁=r₂",[ ],[ ],[ ],[ ],
52,inline,123,,"(A,oid,m,bid,rst)","同一Send(A,oid,m)@s早于两个坐标均为(A,oid,m,bid,rst)的接受事件时，推出r₁=r₂",[ ],[ ],[ ],[ ],
53,inline,123,,r₁=r₂,"同一Send(A,oid,m)@s早于两个坐标均为(A,oid,m,bid,rst)的接受事件时，推出r₁=r₂",[ ],[ ],[ ],[ ],
54,inline,126,,"(bid,rst)","同一(bid,rst)中若r₁≠ r₂，则该性质断言m₁≠ m₂",[ ],[ ],[ ],[ ],
55,inline,126,,r₁≠ r₂,"同一(bid,rst)中若r₁≠ r₂，则该性质断言m₁≠ m₂",[ ],[ ],[ ],[ ],
56,inline,126,,m₁≠ m₂,"同一(bid,rst)中若r₁≠ r₂，则该性质断言m₁≠ m₂",[ ],[ ],[ ],[ ],
57,inline,129,,"(bid,rst)","同一(bid,rst)中若r₁≠ r₂，则该性质要求A₁≠ A₂",[ ],[ ],[ ],[ ],
58,inline,129,,r₁≠ r₂,"同一(bid,rst)中若r₁≠ r₂，则该性质要求A₁≠ A₂",[ ],[ ],[ ],[ ],
59,inline,129,,A₁≠ A₂,"同一(bid,rst)中若r₁≠ r₂，则该性质要求A₁≠ A₂",[ ],[ ],[ ],[ ],
60,display-member,133,,"∀ A,oid,m,bid,rst,s,r₁,r₂:
Send(A,oid,m)@s","∀ A,oid,m,bid,rst,s,r₁,r₂: Send(A,oid,m)@s∧ReceiverAccept(A,oid,m,bid,rst)@r₁∧ReceiverAccept(A,oid,m,bid,rst)@r₂∧s<r₁∧ s<r₂ ⇒ r₁=r₂.",[ ],[ ],[ ],[ ],
61,display-member,133,,"∧ReceiverAccept(A,oid,m,bid,rst)@r₁","∀ A,oid,m,bid,rst,s,r₁,r₂: Send(A,oid,m)@s∧ReceiverAccept(A,oid,m,bid,rst)@r₁∧ReceiverAccept(A,oid,m,bid,rst)@r₂∧s<r₁∧ s<r₂ ⇒ r₁=r₂.",[ ],[ ],[ ],[ ],
62,display-member,133,,"∧ReceiverAccept(A,oid,m,bid,rst)@r₂","∀ A,oid,m,bid,rst,s,r₁,r₂: Send(A,oid,m)@s∧ReceiverAccept(A,oid,m,bid,rst)@r₁∧ReceiverAccept(A,oid,m,bid,rst)@r₂∧s<r₁∧ s<r₂ ⇒ r₁=r₂.",[ ],[ ],[ ],[ ],
63,display-member,133,,"∧s<r₁∧ s<r₂
⇒ r₁=r₂.","∀ A,oid,m,bid,rst,s,r₁,r₂: Send(A,oid,m)@s∧ReceiverAccept(A,oid,m,bid,rst)@r₁∧ReceiverAccept(A,oid,m,bid,rst)@r₂∧s<r₁∧ s<r₂ ⇒ r₁=r₂.",[ ],[ ],[ ],[ ],
64,inline,134,,"(bid,rst)","该公式限制一个匹配发送来源在给定(bid,rst)中对应的接受事件数。虽然前件包含发送事件，但公式本身不保证每个接受都有来源；这一存在性由发送来源对应性另行断言。公式也不比较两个不同来源的参与方投影，因而不能直接确定批内包含多少个不同参与方。",[ ],[ ],[ ],[ ],
65,inline,135,,Pτ,若分别以Pτ、Mτ和Iτ表示迹τ中的批内参与方互异性、批内消息互异性和批内来源单射性，则根据当前规则可人工推导,[ ],[ ],[ ],[ ],
66,inline,135,,Mτ,若分别以Pτ、Mτ和Iτ表示迹τ中的批内参与方互异性、批内消息互异性和批内来源单射性，则根据当前规则可人工推导,[ ],[ ],[ ],[ ],
67,inline,135,,Iτ,若分别以Pτ、Mτ和Iτ表示迹τ中的批内参与方互异性、批内消息互异性和批内来源单射性，则根据当前规则可人工推导,[ ],[ ],[ ],[ ],
68,inline,135,,τ,若分别以Pτ、Mτ和Iτ表示迹τ中的批内参与方互异性、批内消息互异性和批内来源单射性，则根据当前规则可人工推导,[ ],[ ],[ ],[ ],
69,display-member,136,,"Pτ⇒ Mτ, Mτ⇔ Iτ.","Pτ⇒ Mτ, Mτ⇔ Iτ.",[ ],[ ],[ ],[ ],
70,inline,141,,"(A,oid,m)","核心存在性性质one_send_two_accepts_exists同样验证通过。相应可达执行在两个槽位收集同一个(A,oid,m)元组，并由一个匹配发送来源支持同批两个接受事件。关键动作事实可归纳为",[ ],[ ],[ ],[ ],
71,display-member,142,3,"Send(A,oid,m)@s,","Send(A,oid,m)@s,BatchReceive(bid,rst)@b,ReceiverAccept(A,oid,m,bid,rst)@r₁,ReceiverAccept(A,oid,m,bid,rst)@r₂,s<b<r₁<r₂.(3)",[ ],[ ],[ ],[ ],
72,display-member,142,3,"BatchReceive(bid,rst)@b,","Send(A,oid,m)@s,BatchReceive(bid,rst)@b,ReceiverAccept(A,oid,m,bid,rst)@r₁,ReceiverAccept(A,oid,m,bid,rst)@r₂,s<b<r₁<r₂.(3)",[ ],[ ],[ ],[ ],
73,display-member,142,3,"ReceiverAccept(A,oid,m,bid,rst)@r₁,","Send(A,oid,m)@s,BatchReceive(bid,rst)@b,ReceiverAccept(A,oid,m,bid,rst)@r₁,ReceiverAccept(A,oid,m,bid,rst)@r₂,s<b<r₁<r₂.(3)",[ ],[ ],[ ],[ ],
74,display-member,142,3,"ReceiverAccept(A,oid,m,bid,rst)@r₂,","Send(A,oid,m)@s,BatchReceive(bid,rst)@b,ReceiverAccept(A,oid,m,bid,rst)@r₁,ReceiverAccept(A,oid,m,bid,rst)@r₂,s<b<r₁<r₂.(3)",[ ],[ ],[ ],[ ],
75,display-member,142,3,s<b<r₁<r₂.,"Send(A,oid,m)@s,BatchReceive(bid,rst)@b,ReceiverAccept(A,oid,m,bid,rst)@r₁,ReceiverAccept(A,oid,m,bid,rst)@r₂,s<b<r₁<r₂.(3)",[ ],[ ],[ ],[ ],
76,inline,143,,r₁<r₂,式(3)中的两个接受事件具有相同的条目、批次和接收方上下文坐标，而r₁<r₂表明二者是不同的事件发生。该性质还约束与所示完整元组匹配的Send 发生点唯一为s，因此两个接受并非分别对应两个匹配发送。此处的唯一性仅针对所示元组，不排除执行中存在与该元组不匹配的其他发送。,[ ],[ ],[ ],[ ],
77,inline,143,,s,式(3)中的两个接受事件具有相同的条目、批次和接收方上下文坐标，而r₁<r₂表明二者是不同的事件发生。该性质还约束与所示完整元组匹配的Send 发生点唯一为s，因此两个接受并非分别对应两个匹配发送。此处的唯一性仅针对所示元组，不排除执行中存在与该元组不匹配的其他发送。,[ ],[ ],[ ],[ ],
78,inline,148,,r₁≠ r₂,与之对应的全称性质receiver_accept_injective被反例否定。式(3)满足同一发送早于两个同坐标接受事件的前件，但r₁≠ r₂。因此，该执行既是one_send_two_accepts_exists的可达见证，也是批内来源单射性的反例轨迹，两项结果描述同一种重复形状。与此同时，receiver_accept_has_send验证通过，表明两个接受均有更早的匹配发送。该反例揭示的是具有模型内匹配发送来源的条目在两槽抽象中被重复使用，而非无来源接受或满足K-Waay原有互异条件的完整协议攻击。,[ ],[ ],[ ],[ ],
79,inline,150,,"(bid,rst)","消息互异约束模型中的accepted_batch_has_distinct_messages验证通过：同一(bid,rst)中的两个不同ReceiverAccept 事件具有不同消息分量。该全称性质确认了模型直接施加的批内消息关系，但不涉及参与方分量。",[ ],[ ],[ ],[ ],
80,inline,152,,A,"替代性结论的关键证据是same_party_different_messages_batch_exists的验证结果。相应可达执行包含同一参与方A的两个条目(A,oid₁,m₁)和(A,oid₂,m₂)，其中oid₁≠oid₂且m₁≠ m₂。两个条目各有自己的匹配Send来源，且两个发送都早于同一次批次准入；随后，两个条目通过消息级准入，并在共同(bid,rst)中依次产生接受事件。该执行没有复用匹配发送来源，重复只出现在参与方投影上。",[ ],[ ],[ ],[ ],
81,inline,152,,"(A,oid₁,m₁)","替代性结论的关键证据是same_party_different_messages_batch_exists的验证结果。相应可达执行包含同一参与方A的两个条目(A,oid₁,m₁)和(A,oid₂,m₂)，其中oid₁≠oid₂且m₁≠ m₂。两个条目各有自己的匹配Send来源，且两个发送都早于同一次批次准入；随后，两个条目通过消息级准入，并在共同(bid,rst)中依次产生接受事件。该执行没有复用匹配发送来源，重复只出现在参与方投影上。",[ ],[ ],[ ],[ ],
82,inline,152,,"(A,oid₂,m₂)","替代性结论的关键证据是same_party_different_messages_batch_exists的验证结果。相应可达执行包含同一参与方A的两个条目(A,oid₁,m₁)和(A,oid₂,m₂)，其中oid₁≠oid₂且m₁≠ m₂。两个条目各有自己的匹配Send来源，且两个发送都早于同一次批次准入；随后，两个条目通过消息级准入，并在共同(bid,rst)中依次产生接受事件。该执行没有复用匹配发送来源，重复只出现在参与方投影上。",[ ],[ ],[ ],[ ],
83,inline,152,,oid₁≠oid₂,"替代性结论的关键证据是same_party_different_messages_batch_exists的验证结果。相应可达执行包含同一参与方A的两个条目(A,oid₁,m₁)和(A,oid₂,m₂)，其中oid₁≠oid₂且m₁≠ m₂。两个条目各有自己的匹配Send来源，且两个发送都早于同一次批次准入；随后，两个条目通过消息级准入，并在共同(bid,rst)中依次产生接受事件。该执行没有复用匹配发送来源，重复只出现在参与方投影上。",[ ],[ ],[ ],[ ],
84,inline,152,,m₁≠ m₂,"替代性结论的关键证据是same_party_different_messages_batch_exists的验证结果。相应可达执行包含同一参与方A的两个条目(A,oid₁,m₁)和(A,oid₂,m₂)，其中oid₁≠oid₂且m₁≠ m₂。两个条目各有自己的匹配Send来源，且两个发送都早于同一次批次准入；随后，两个条目通过消息级准入，并在共同(bid,rst)中依次产生接受事件。该执行没有复用匹配发送来源，重复只出现在参与方投影上。",[ ],[ ],[ ],[ ],
85,inline,152,,Send,"替代性结论的关键证据是same_party_different_messages_batch_exists的验证结果。相应可达执行包含同一参与方A的两个条目(A,oid₁,m₁)和(A,oid₂,m₂)，其中oid₁≠oid₂且m₁≠ m₂。两个条目各有自己的匹配Send来源，且两个发送都早于同一次批次准入；随后，两个条目通过消息级准入，并在共同(bid,rst)中依次产生接受事件。该执行没有复用匹配发送来源，重复只出现在参与方投影上。",[ ],[ ],[ ],[ ],
86,inline,152,,"(bid,rst)","替代性结论的关键证据是same_party_different_messages_batch_exists的验证结果。相应可达执行包含同一参与方A的两个条目(A,oid₁,m₁)和(A,oid₂,m₂)，其中oid₁≠oid₂且m₁≠ m₂。两个条目各有自己的匹配Send来源，且两个发送都早于同一次批次准入；随后，两个条目通过消息级准入，并在共同(bid,rst)中依次产生接受事件。该执行没有复用匹配发送来源，重复只出现在参与方投影上。",[ ],[ ],[ ],[ ],
87,inline,153,,m₁≠ m₂,该机器见证将m₁≠ m₂且A₁=A₂的静态关系落实到完整的共同生命周期，并确认两个接受各有匹配发送来源。因此，消息级准入约束不能推出式(2)规定的批内参与方互异性。批内消息互异性和批内来源单射性的全称结果仍分别对应各自公式与复核记录，但不构成相互独立的增量证据。消息相等时的拒绝分支也存在可达执行（repeated_message_rejection_exists）；该结果仅说明分支可达，不保证所有重复消息最终均被拒绝。,[ ],[ ],[ ],[ ],
88,inline,153,,A₁=A₂,该机器见证将m₁≠ m₂且A₁=A₂的静态关系落实到完整的共同生命周期，并确认两个接受各有匹配发送来源。因此，消息级准入约束不能推出式(2)规定的批内参与方互异性。批内消息互异性和批内来源单射性的全称结果仍分别对应各自公式与复核记录，但不构成相互独立的增量证据。消息相等时的拒绝分支也存在可达执行（repeated_message_rejection_exists）；该结果仅说明分支可达，不保证所有重复消息最终均被拒绝。,[ ],[ ],[ ],[ ],
89,inline,156,,A₁≠ A₂,"参与方互异约束模型在准入时直接要求A₁≠ A₂。目标全称性质accepted_batch_has_distinct_parties验证通过，表明同一(bid,rst)中的两个不同ReceiverAccept 事件具有不同参与方投影。准入规则规定执行如何受到目标条件约束，全称性质则验证后续接受事件满足的关系；二者分别属于规则语义和机器验证结论。",[ ],[ ],[ ],[ ],
90,inline,156,,"(bid,rst)","参与方互异约束模型在准入时直接要求A₁≠ A₂。目标全称性质accepted_batch_has_distinct_parties验证通过，表明同一(bid,rst)中的两个不同ReceiverAccept 事件具有不同参与方投影。准入规则规定执行如何受到目标条件约束，全称性质则验证后续接受事件满足的关系；二者分别属于规则语义和机器验证结论。",[ ],[ ],[ ],[ ],
91,inline,211,,Mτ⇏ Pτ,参与方、发送实例和消息三个维度分别描述同批条目的主体归属、发送发生和消息内容。沿用第2.3节的记号，机器结果直接支持Mτ⇏ Pτ：same_party_different_messages_batch_exists给出同一参与方的不同消息在同批被接受的完整可达执行。与之不同，Pτ⇒ Mτ⇔ Iτ来自三个模型共同采用的新鲜消息生成和完整元组精确来源匹配规则，是人工迹语义推导，而非新增的Tamarin lemma或证明器结果。该关系不能推广为任意协议中的一般性质，也不意味着三个性质具有相同语义或三个比较维度彼此独立。,[ ],[ ],[ ],[ ],
92,inline,211,,Pτ⇒ Mτ⇔ Iτ,参与方、发送实例和消息三个维度分别描述同批条目的主体归属、发送发生和消息内容。沿用第2.3节的记号，机器结果直接支持Mτ⇏ Pτ：same_party_different_messages_batch_exists给出同一参与方的不同消息在同批被接受的完整可达执行。与之不同，Pτ⇒ Mτ⇔ Iτ来自三个模型共同采用的新鲜消息生成和完整元组精确来源匹配规则，是人工迹语义推导，而非新增的Tamarin lemma或证明器结果。该关系不能推广为任意协议中的一般性质，也不意味着三个性质具有相同语义或三个比较维度彼此独立。,[ ],[ ],[ ],[ ],
93,inline,212,,"(A,oid,m)","发送来源对应性和批内来源单射性约束发送—接受事件关系：前者要求每个ReceiverAccept 都有更早且与完整(A,oid,m)匹配的Send，后者限制同一匹配发送来源在一个(bid,rst)中对应的接受事件数。两者均不比较不同来源的参与方投影，批内来源单射性也不同于Lowe认证层次中的单射一致性。因此，两个条目可以分别满足来源要求并各自接受一次，同时仍具有相同的参与方投影。",[ ],[ ],[ ],[ ],
94,inline,212,,"(bid,rst)","发送来源对应性和批内来源单射性约束发送—接受事件关系：前者要求每个ReceiverAccept 都有更早且与完整(A,oid,m)匹配的Send，后者限制同一匹配发送来源在一个(bid,rst)中对应的接受事件数。两者均不比较不同来源的参与方投影，批内来源单射性也不同于Lowe认证层次中的单射一致性。因此，两个条目可以分别满足来源要求并各自接受一次，同时仍具有相同的参与方投影。",[ ],[ ],[ ],[ ],
95,inline,213,,A,第3.2节的机器见证将上述维度差异落实为可达行为：两个条目具有不同发送实例、不同消息和各自的匹配发送来源，但参与方投影均为A，并在同批产生接受事件。该执行的意义不在于重述“不同消息不等于不同参与方”，而在于证明这种组合能够通过共同的来源匹配、准入和顺序处理生命周期。因此，条目级的消息和来源性质不能替代式(2)规定的批次组合关系。,[ ],[ ],[ ],[ ],
96,inline,215,,A₁,式(2)规定同批条目应保持的关系；参与方互异约束模型在准入处直接比较A₁与A₂，为该关系提供可执行的目标对照。该建模选择用于验证目标关系及有效批次的可达性，不说明显式比较是唯一实现方式。,[ ],[ ],[ ],[ ],
97,inline,215,,A₂,式(2)规定同批条目应保持的关系；参与方互异约束模型在准入处直接比较A₁与A₂，为该关系提供可执行的目标对照。该建模选择用于验证目标关系及有效批次的可达性，不说明显式比较是唯一实现方式。,[ ],[ ],[ ],[ ],
98,inline,217,,A,参与方表示仍需由具体系统定义。模型中的A是抽象协议主体，不自动等同于账户、长期身份、公钥编码、设备、预密钥关联或数据库记录。系统只有建立实现对象到参与方投影的合理映射，才能据此比较批内条目；当前模型既未验证该映射，也未引入新的身份解析机制。,[ ],[ ],[ ],[ ],
99,inline,219,,"(bid,rst)","机器证据固定为两个槽位。式(2)通过成对比较定义有限批次的目标关系，两槽模型捕获最小非平凡相等情形，但没有证明任意批次长度下的完整协议性质。结论仅涉及同一(bid,rst)中的条目组合和接受事件，不提供跨批次、回滚或重启保证。",[ ],[ ],[ ],[ ],
