id	authors	title	venue	year	pages	doi	primary_url	source_verified	content_checked	relation_class	collision_level
L1	Daniel Collins; Loïs Huguenin-Dumittan; Ngoc Khanh Nguyen; Nicolas Rolin; Serge Vaudenay	K-Waay: Fast and Deniable Post-Quantum X3DH without Ring Signatures	33rd USENIX Security Symposium	2024	433-450		https://www.usenix.org/conference/usenixsecurity24/presentation/collins	yes	abstract; contributions; DAKE syntax; BatchReceive; different-party assumption; construction; security theorem	DIRECT_PRIOR_WORK	MEDIUM
L2	Katriel Cohn-Gordon; Cas Cremers; Benjamin Dowling; Luke Garratt; Douglas Stebila	A Formal Security Analysis of the Signal Messaging Protocol	Journal of Cryptology 33	2020	1914-1983	10.1007/s00145-020-09360-1	https://link.springer.com/article/10.1007/s00145-020-09360-1	yes	abstract; X3DH and Double Ratchet scope; multi-stage AKE model; security results	STRONGLY_ADJACENT	LOW
L3	Karthikeyan Bhargavan; Charlie Jacomme; Franziskus Kiefer; Rolfe Schmidt	Formal Verification of the PQXDH Post-Quantum Key Agreement Protocol for End-to-End Secure Messaging	33rd USENIX Security Symposium	2024	469-486		https://www.usenix.org/conference/usenixsecurity24/presentation/bhargavan	yes	abstract; ProVerif and CryptoVerif methodology; authentication and secrecy goals; specification findings; boundaries	STRONGLY_ADJACENT	LOW
L4	Cas Cremers; Charlie Jacomme; Aurora Naska	Formal Analysis of Session-Handling in Secure Messaging: Lifting Security from Sessions to Conversations	32nd USENIX Security Symposium	2023	1235-1252		https://www.usenix.org/conference/usenixsecurity23/presentation/cremers-session-handling	yes	introduction; motivation; model abstraction; results; related work; limitations	HIGHLY_RELEVANT_ADJACENT	MEDIUM
L5	Théophile Wallez; Jonathan Protzenko; Benjamin Beurdouche; Karthikeyan Bhargavan	TreeSync: Authenticated Group Management for Messaging Layer Security	32nd USENIX Security Symposium	2023	1217-1233		https://www.usenix.org/conference/usenixsecurity23/presentation/wallez	yes	abstract; shared group state; management operations; F-star and DY-star verification; consistency and authentication	STRONGLY_ADJACENT	LOW
L6	David Balbás; Daniel Collins; Serge Vaudenay	Cryptographic Administration for Secure Group Messaging	32nd USENIX Security Symposium	2023	1253-1270		https://www.usenix.org/system/files/usenixsecurity23-balbas.pdf	yes	abstract; administration motivation; membership consistency; add-remove authorization; A-CGKA scope	STRONGLY_ADJACENT	LOW
L7	Joël Alwen; Sandro Coretti; Yevgeniy Dodis; Yiannis Tselekounis	Modular Design of Secure Group Messaging Protocols and the Security of MLS	ACM CCS 2021	2021	1463-1483	10.1145/3460120.3484820	https://eprint.iacr.org/2021/1083	yes	abstract; SGM security predicate; MLS component decomposition; composition theorem scope	ADJACENT_COMPOSITION	LOW
L8	Joël Alwen; Sandro Coretti; Daniel Jost; Marta Mularczyk	Continuous Group Key Agreement with Active Security	TCC 2020; LNCS 12552	2020	261-290	10.1007/978-3-030-64378-2_10	https://crypto.ethz.ch/publications/ACJM20.html	yes	abstract; dynamic membership; active security; forward and post-compromise security; secure-group-messaging context	BACKGROUND_ADJACENT	NONE
L9	Mohit Sethi; Aleksi Peltonen; Tuomas Aura	Misbinding Attacks on Secure Device Pairing and Bootstrapping; extended as Formal Verification of Misbinding Attacks on Secure Device Pairing and Bootstrapping	AsiaCCS 2019; Journal of Information Security and Applications 51	2019-2020	453-464; article 102461	10.1145/3321705.3329813; 10.1016/j.jisa.2020.102461	https://acris.aalto.fi/ws/portalfiles/portal/36903088/Sethi_Peltonen_Aura_Misbinding_Attacks_on_Secure_Device.pdf	yes	abstract; attacker role; identity association; correspondence properties; ProVerif cases; double misbinding	IDENTITY_BINDING_ADJACENT	LOW
L10	Gavin Lowe	A Hierarchy of Authentication Specifications	10th IEEE Computer Security Foundations Workshop	1997	31-43	10.1109/CSFW.1997.596782	https://conferences.computer.org/sp/pdfs/csf/1997/1997-lowe-hierarchy.pdf	yes	authentication hierarchy; non-injective agreement; injective agreement; one-to-one run relation	FOUNDATIONAL	LOW
L11	Simon Meier; Benedikt Schmidt; Cas Cremers; David Basin	The TAMARIN Prover for the Symbolic Analysis of Security Protocols	CAV 2013; LNCS 8044	2013	696-701	10.1007/978-3-642-39799-8_48	https://link.springer.com/chapter/10.1007/978-3-642-39799-8_48	yes	abstract; multiset-rewriting model; symbolic adversary; trace analysis; automation scope	METHODOLOGY	NONE
L12	Richard Barnes; Benjamin Beurdouche; Raphael Robert; Jon Millican; Emad Omara; Katriel Cohn-Gordon	The Messaging Layer Security (MLS) Protocol	RFC 9420	2023		10.17487/RFC9420	https://www.rfc-editor.org/rfc/rfc9420.html	yes	architecture and terminology; epochs; authenticated clients; members; ratchet tree; security considerations	STANDARD_ADJACENT_CONTEXT	NONE
L13	Moxie Marlinspike; Trevor Perrin	The X3DH Key Agreement Protocol	Signal protocol specification; Revision 1	2016			https://signal.org/docs/specifications/x3dh/	yes	roles and keys; protocol flow; authentication; replay; key reuse; server trust; identity binding	PROTOCOL_SPECIFICATION_BACKGROUND	NONE
L14	Ehren Kret; Rolfe Schmidt	The PQXDH Key Agreement Protocol	Signal protocol specification; Revision 3	2023-2024			https://signal.org/docs/specifications/pqxdh/	yes	protocol flow; replay; key reuse; identity binding; KEM re-encapsulation; key identifiers	PROTOCOL_SPECIFICATION_BACKGROUND	NONE
L15	Martin Thomson; Eric Rescorla	Unknown Key-Share Attacks on Uses of TLS with the Session Description Protocol (SDP)	RFC 8844	2021		10.17487/RFC8844	https://www.rfc-editor.org/rfc/rfc8844.html	yes	abstract; UKS definition; identity-binding attack; fingerprint attack; session-identity mitigation	IDENTITY_BINDING_BACKGROUND	NONE
L16	Simone Lupetti; Feike W. Dillema; Tage Stabell-Kulø	Names in Cryptographic Protocols	4th International Workshop on Security in Information Systems (WOSIS 2006)	2006	185-194		https://www.scitepress.org/papers/2006/24847/24847.pdf	yes	abstract; protocol examples; name-uniqueness principle; correlated-session scope; local and global verification	IDENTITY_SEMANTICS_ADJACENT	MEDIUM
L17	Pieter Ceelen; Sjouke Mauw; Saša Radomirović	Chosen-Name Attacks: An Overlooked Class of Type-Flaw Attacks	Electronic Notes in Theoretical Computer Science 197(2)	2008	31-43	10.1016/j.entcs.2007.12.015	https://satoss.uni.lu/papers/CMR07.pdf	yes	abstract; dynamic agent naming; selected and assigned names; protocol examples; tool implications	IDENTITY_MODELING_ADJACENT	LOW
L18	Nik Unger; Sergej Dechand; Joseph Bonneau; Sascha Fahl; Henning Perl; Ian Goldberg; Matthew Smith	SoK: Secure Messaging	2015 IEEE Symposium on Security and Privacy	2015	232-249	10.1109/SP.2015.22	https://people.eecs.berkeley.edu/~raluca/cs261-f15/readings/sok_secure_messaging.pdf	yes	abstract; systematization method; conversation-security properties; participant consistency; speaker consistency	SECURE_MESSAGING_TAXONOMY	MEDIUM
L19	B. Sattarzadeh; M. S. Fallah	Automated Type-Based Analysis of Injective Agreement in the Presence of Compromised Principals	Journal of Logical and Algebraic Methods in Programming 84(5)	2015	576-610	10.1016/j.jlamp.2015.06.002	https://www.sciencedirect.com/science/article/pii/S2352220815000528	yes	abstract; spi-calculus semantics; robust safety; begin-end resources; copied-message example; injective agreement	CORRESPONDENCE_ADJACENT	MEDIUM
L20	Cas Cremers; Britta Hale; Konrad Kohbrok	The Complexities of Healing in Secure Group Messaging: Why Cross-Group Effects Matter	30th USENIX Security Symposium	2021	1847-1864		https://www.usenix.org/conference/usenixsecurity21/presentation/cremers	yes	abstract; cross-group scenarios; pairwise versus group-key design; PCS results; formal security scope	COMPOSITION_ADJACENT	LOW
L21	Suzana Andova; Cas Cremers; Kristian Gjøsteen; Sjouke Mauw; Stig F. Mjølsnes; Saša Radomirović	A Framework for Compositional Verification of Security Protocols	Information and Computation 206(2-4)	2008	425-459	10.1016/j.ic.2007.07.002	https://research.tue.nl/en/publications/a-framework-for-compositional-verification-of-security-protocols/	yes	abstract; protocol composition; independence conditions; preservation theorems; WiMAX case study	FORMAL_COMPOSITION_BACKGROUND	LOW
